volume,symbol,adj_close,high,low,date,close,open
13833500,KO,42.32,42.50,42.060001,2016-09-30,42.32,42.209999
12671700,KO,42.029999,42.389999,41.849998,2016-09-29,42.029999,42.02
15523800,KO,42.150002,42.759998,42.029999,2016-09-28,42.150002,42.630001
11920400,KO,42.59,42.630001,42.00,2016-09-27,42.59,42.189999
15036000,KO,42.049999,42.720001,42.009998,2016-09-26,42.049999,42.709999
8852700,KO,42.740002,42.939999,42.650002,2016-09-23,42.740002,42.810001
9288300,KO,42.959999,43.009998,42.689999,2016-09-22,42.959999,42.709999
13654700,KO,42.529999,42.610001,42.099998,2016-09-21,42.529999,42.279999
8407200,KO,42.34,42.529999,42.240002,2016-09-20,42.34,42.310001
7659900,KO,42.099998,42.369999,42.080002,2016-09-19,42.099998,42.16
16354000,KO,42.139999,42.259998,41.970001,2016-09-16,42.139999,42.169998
10158500,KO,42.360001,42.389999,41.880001,2016-09-15,42.360001,42.009998
9823900,KO,42.110001,42.41,41.990002,2016-09-14,42.110001,42.27
12962700,KO,42.279999,42.77,42.209999,2016-09-13,42.279999,42.77
15932300,KO,42.839999,43.23,42.34,2016-09-12,43.189999,42.360001
23624200,KO,41.927456,43.43,42.27,2016-09-09,42.27,43.43
10020400,KO,43.276435,43.73,43.450001,2016-09-08,43.630001,43.669998
8656600,KO,43.286353,43.799999,43.529999,2016-09-07,43.639999,43.720001
8600400,KO,43.435139,43.799999,43.400002,2016-09-06,43.790001,43.740002
9026000,KO,43.306191,43.830002,43.470001,2016-09-02,43.66,43.52
8457800,KO,42.998702,43.41,43.200001,2016-09-01,43.349998,43.209999
10217900,KO,43.078055,43.459999,43.080002,2016-08-31,43.43,43.43
9720100,KO,42.889596,43.529999,43.119999,2016-08-30,43.240002,43.459999
9544600,KO,43.187165,43.610001,43.330002,2016-08-29,43.540001,43.34
11824900,KO,42.968946,43.919998,43.310001,2016-08-26,43.32,43.720001
9815700,KO,43.316108,43.939999,43.630001,2016-08-25,43.669998,43.849998
11508900,KO,43.49465,43.939999,43.66,2016-08-24,43.849998,43.82
8421100,KO,43.49465,43.98,43.740002,2016-08-23,43.849998,43.849998
8687500,KO,43.385545,43.950001,43.73,2016-08-22,43.740002,43.939999
9385900,KO,43.564082,44.060001,43.740002,2016-08-19,43.919998,44.049999
9144300,KO,43.742624,44.259998,44.00,2016-08-18,44.099998,44.009998
11208500,KO,43.702951,44.07,43.779999,2016-08-17,44.060001,44.009998
9706100,KO,43.474815,44.25,43.830002,2016-08-16,43.830002,44.25
10390600,KO,43.881493,44.330002,44.009998,2016-08-15,44.240002,44.099998
10928900,KO,43.673192,44.189999,43.790001,2016-08-12,44.029999,43.91
11303300,KO,43.395462,43.869999,43.619999,2016-08-11,43.75,43.720001
8412100,KO,43.256597,43.689999,43.50,2016-08-10,43.610001,43.639999
7281300,KO,43.117732,43.639999,43.380001,2016-08-09,43.470001,43.50
8680300,KO,43.087973,43.52,43.220001,2016-08-08,43.439999,43.43
10398200,KO,43.127649,43.75,43.41,2016-08-05,43.48,43.650002
11244100,KO,43.157405,43.799999,43.400002,2016-08-04,43.509998,43.560001
12119100,KO,43.286353,43.700001,43.369999,2016-08-03,43.639999,43.66
12825200,KO,43.177243,43.580002,43.310001,2016-08-02,43.529999,43.349998
12349700,KO,43.097894,43.830002,43.43,2016-08-01,43.450001,43.689999
16530500,KO,43.276435,43.75,43.48,2016-07-29,43.630001,43.720001
13077800,KO,43.296274,43.689999,43.220001,2016-07-28,43.650002,43.27
37461100,KO,43.0483,44.060001,43.099998,2016-07-27,43.400002,43.900002
15819900,KO,44.516306,45.650002,44.830002,2016-07-26,44.880001,45.529999
9134300,KO,45.200713,45.830002,45.470001,2016-07-25,45.57,45.810001
8836100,KO,45.458608,45.84,45.459999,2016-07-22,45.830002,45.50
8045100,KO,45.081686,45.509998,45.259998,2016-07-21,45.450001,45.34
8478200,KO,45.141198,45.77,45.389999,2016-07-20,45.509998,45.75
7761100,KO,45.260228,45.709999,45.43,2016-07-19,45.630001,45.459999
7958300,KO,45.260228,45.700001,45.48,2016-07-18,45.630001,45.689999
10621000,KO,45.260228,45.900002,45.439999,2016-07-15,45.630001,45.880001
7621200,KO,45.319739,45.939999,45.580002,2016-07-14,45.689999,45.73
8028400,KO,45.369337,45.759998,45.43,2016-07-13,45.740002,45.610001
9739000,KO,45.210634,45.709999,45.18,2016-07-12,45.580002,45.639999
10937800,KO,45.200713,45.77,45.110001,2016-07-11,45.57,45.349998
11127100,KO,45.012254,45.52,45.07,2016-07-08,45.380001,45.299999
9741100,KO,44.724603,45.52,44.970001,2016-07-07,45.09,45.419998
10902600,KO,44.903145,45.549999,44.919998,2016-07-06,45.27,45.50
12339100,KO,45.061848,45.669998,45.150002,2016-07-05,45.43,45.16
11799700,KO,44.754359,45.41,45.07,2016-07-01,45.119999,45.330002
16056500,KO,44.96266,45.330002,44.490002,2016-06-30,45.330002,44.52
12250900,KO,44.079869,44.709999,44.240002,2016-06-29,44.439999,44.389999
16509800,KO,43.821978,44.189999,43.669998,2016-06-28,44.18,44.060001
15779500,KO,43.425218,43.889999,43.32,2016-06-27,43.779999,43.669998
26003700,KO,43.574004,44.560001,43.82,2016-06-24,43.93,44.200001
9655300,KO,44.714686,45.169998,44.84,2016-06-23,45.080002,45.029999
10738900,KO,44.496467,45.330002,44.810001,2016-06-22,44.860001,45.25
7919400,KO,44.76428,45.279999,45.00,2016-06-21,45.130001,45.16
10712400,KO,44.615494,45.310001,44.959999,2016-06-20,44.98,45.09
20805400,KO,44.427035,45.220001,44.380001,2016-06-17,44.790001,45.169998
11305400,KO,44.942821,45.34,44.720001,2016-06-16,45.310001,44.869999
8360400,KO,44.64525,45.34,44.880001,2016-06-15,45.009998,45.119999
11298200,KO,44.675009,45.130001,44.439999,2016-06-14,45.040001,44.849998
10613500,KO,44.754359,45.669998,45.09,2016-06-13,45.119999,45.48
12357000,KO,45.270147,46.009998,45.560001,2016-06-10,45.990002,45.619999
8042900,KO,45.043744,45.799999,45.310001,2016-06-09,45.759998,45.330002
7915400,KO,44.837032,45.66,45.189999,2016-06-08,45.549999,45.240002
9812600,KO,44.610632,45.48,45.200001,2016-06-07,45.32,45.349998
10310600,KO,44.659849,45.48,45.080002,2016-06-06,45.369999,45.09
13434900,KO,44.335016,45.049999,44.68,2016-06-03,45.040001,44.75
6693900,KO,44.020025,44.720001,44.50,2016-06-02,44.720001,44.700001
8916000,KO,44.000338,44.779999,44.490002,2016-06-01,44.700001,44.599998
18935200,KO,43.901901,44.98,44.259998,2016-05-31,44.599998,44.98
7893900,KO,44.079084,44.959999,44.650002,2016-05-27,44.779999,44.709999
8695800,KO,43.990492,44.77,44.439999,2016-05-26,44.689999,44.529999
9218100,KO,43.685347,44.630001,44.25,2016-05-25,44.380001,44.509998
12634200,KO,43.675501,44.419998,44.00,2016-05-24,44.369999,44.099998
13554700,KO,43.281764,44.16,43.939999,2016-05-23,43.970001,44.07
12914100,KO,43.262077,44.540001,43.939999,2016-05-20,43.950001,44.509998
10659500,KO,43.626285,44.389999,44.040001,2016-05-19,44.32,44.25
12524300,KO,43.78378,44.830002,44.23,2016-05-18,44.48,44.560001
17457000,KO,44.049554,45.560001,44.709999,2016-05-17,44.75,45.450001
9413600,KO,44.905936,45.73,45.139999,2016-05-16,45.619999,45.16
10341200,KO,44.640161,45.830002,45.23,2016-05-13,45.349998,45.75
10463400,KO,45.112651,45.900002,45.490002,2016-05-12,45.830002,45.549999
8833100,KO,44.74844,45.880001,45.450001,2016-05-11,45.459999,45.73
8933500,KO,45.033902,45.84,45.419998,2016-05-10,45.75,45.439999
8110600,KO,44.531886,45.50,45.169998,2016-05-09,45.240002,45.32
8564000,KO,44.610632,45.41,44.919998,2016-05-06,45.32,45.060001
8801100,KO,44.354703,45.490002,44.869999,2016-05-05,45.060001,44.93
9350500,KO,44.275954,45.110001,44.509998,2016-05-04,44.98,44.720001
10420500,KO,44.138146,45.07,44.650002,2016-05-03,44.84,44.869999
12577500,KO,44.275954,45.189999,44.57,2016-05-02,44.98,44.57
11716000,KO,44.098771,44.860001,44.50,2016-04-29,44.799999,44.529999
10932500,KO,43.931434,44.900002,44.459999,2016-04-28,44.630001,44.50
11335500,KO,43.98065,44.860001,44.25,2016-04-27,44.68,44.639999
13935500,KO,43.832997,44.959999,44.43,2016-04-26,44.529999,44.919998
11173800,KO,44.010179,44.720001,44.380001,2016-04-25,44.709999,44.50
25134200,KO,43.842842,44.66,43.790001,2016-04-22,44.540001,43.790001
37206900,KO,42.976615,44.279999,42.869999,2016-04-21,43.66,44.259998
40360300,KO,43.675501,45.380001,44.060001,2016-04-20,44.369999,45.34
14418300,KO,45.870596,46.619999,46.150002,2016-04-19,46.599998,46.310001
11538100,KO,45.496546,46.279999,45.82,2016-04-18,46.220001,46.099998
13647800,KO,45.378422,46.16,45.68,2016-04-15,46.099998,45.82
12982200,KO,45.112651,46.220001,45.75,2016-04-14,45.830002,46.060001
13234100,KO,45.319364,46.779999,45.82,2016-04-13,46.040001,46.77
11219100,KO,45.919816,46.759998,46.349998,2016-04-12,46.650002,46.41
11880100,KO,45.7131,47.130001,46.41,2016-04-11,46.439999,46.900002
11959300,KO,46.13637,46.98,46.439999,2016-04-08,46.869999,46.439999
9292000,KO,45.634354,46.580002,46.16,2016-04-07,46.360001,46.50
9122700,KO,45.978875,46.73,46.380001,2016-04-06,46.709999,46.57
10696700,KO,45.801692,46.810001,46.439999,2016-04-05,46.529999,46.619999
10629800,KO,46.156058,46.93,46.50,2016-04-04,46.889999,46.84
14922900,KO,46.096999,46.869999,46.110001,2016-04-01,46.830002,46.139999
15544500,KO,45.663884,46.880001,46.32,2016-03-31,46.389999,46.549999
14312200,KO,45.850912,46.73,46.330002,2016-03-30,46.580002,46.630001
25010400,KO,45.752475,46.509998,45.810001,2016-03-29,46.48,45.860001
13306600,KO,45.083118,45.93,45.509998,2016-03-28,45.799999,45.560001
10890200,KO,44.866565,45.599998,45.189999,2016-03-24,45.580002,45.450001
9292100,KO,44.74844,45.709999,45.349998,2016-03-23,45.459999,45.400002
13788300,KO,44.787815,45.73,45.389999,2016-03-22,45.50,45.549999
9740400,KO,44.955152,45.869999,45.360001,2016-03-21,45.669998,45.419998
23853400,KO,44.886248,45.869999,45.389999,2016-03-18,45.599998,45.84
24080000,KO,45.053589,45.91,44.970001,2016-03-17,45.77,45.049999
15386100,KO,44.344858,45.169998,44.549999,2016-03-16,45.049999,45.049999
13686300,KO,44.531886,45.560001,45.07,2016-03-15,45.240002,45.080002
13206700,KO,44.581103,45.419998,45.040001,2016-03-14,45.290001,45.040001
16129300,KO,44.492511,45.25,44.93,2016-03-11,45.200001,45.00
28908600,KO,44.177519,45.259998,44.68,2016-03-10,45.23,44.84
18466600,KO,43.767294,44.830002,44.290001,2016-03-09,44.810001,44.389999
18900200,KO,43.288694,44.470001,43.810001,2016-03-08,44.32,43.919998
10695300,KO,42.985906,44.139999,43.860001,2016-03-07,44.009998,43.91
13691500,KO,43.083581,44.150002,43.68,2016-03-04,44.110001,43.779999
13134800,KO,42.93707,43.98,43.540001,2016-03-03,43.959999,43.610001
12856300,KO,42.751493,43.77,43.419998,2016-03-02,43.77,43.470001
12358300,KO,42.673353,43.689999,43.169998,2016-03-01,43.689999,43.380001
15049800,KO,42.126386,43.610001,42.919998,2016-02-29,43.130001,43.169998
18421000,KO,42.136152,44.060001,43.110001,2016-02-26,43.139999,44.040001
10903300,KO,43.132417,44.18,43.869999,2016-02-25,44.16,43.959999
10844200,KO,42.888235,43.939999,43.369999,2016-02-24,43.91,43.560001
11166400,KO,42.673353,44.049999,43.66,2016-02-23,43.689999,43.740002
20716100,KO,42.917535,44.16,43.630001,2016-02-22,43.939999,43.77
12850000,KO,42.751493,43.77,43.279999,2016-02-19,43.77,43.580002
11170300,KO,42.595216,43.73,43.299999,2016-02-18,43.610001,43.630001
12332500,KO,42.47801,43.619999,43.279999,2016-02-17,43.490002,43.419998
12675900,KO,42.351034,43.459999,43.02,2016-02-16,43.360001,43.32
15222400,KO,42.106851,43.139999,42.560001,2016-02-12,43.110001,42.720001
16825300,KO,41.423139,42.610001,41.98,2016-02-11,42.41,42.029999
16729600,KO,41.559881,43.389999,42.509998,2016-02-10,42.549999,43.34
24853800,KO,42.292428,43.490002,42.259998,2016-02-09,43.299999,42.259998
17254400,KO,41.657556,42.700001,41.900002,2016-02-08,42.650002,42.169998
17315700,KO,41.45244,42.990002,42.259998,2016-02-05,42.439999,42.93
14413700,KO,41.540346,42.889999,42.400002,2016-02-04,42.529999,42.52
15958300,KO,41.725927,42.939999,42.279999,2016-02-03,42.720001,42.799999
12332900,KO,41.45244,42.790001,42.41,2016-02-02,42.439999,42.700001
17097800,KO,41.99941,43.150002,42.57,2016-02-01,43.00,42.599998
20457000,KO,41.92127,43.259998,42.650002,2016-01-29,42.919998,42.860001
16622800,KO,41.579416,42.720001,42.060001,2016-01-28,42.57,42.18
14167000,KO,41.110585,42.459999,41.810001,2016-01-27,42.09,42.18
13018500,KO,41.10082,42.50,41.93,2016-01-26,42.080002,42.16
12505200,KO,41.178956,42.50,41.93,2016-01-25,42.16,42.240002
15209200,KO,41.081285,42.240002,41.450001,2016-01-22,42.060001,41.639999
15568900,KO,40.426873,41.509998,41.09,2016-01-21,41.389999,41.450001
19923500,KO,40.417108,41.619999,40.75,2016-01-20,41.380001,41.450001
15462200,KO,40.944539,42.119999,41.650002,2016-01-19,41.919998,41.77
21153600,KO,40.534314,41.59,40.93,2016-01-15,41.50,40.950001
16028000,KO,40.905473,42.169998,41.639999,2016-01-14,41.880001,41.990002
16854300,KO,40.876169,42.57,41.790001,2016-01-13,41.849998,42.169998
21814800,KO,41.139886,42.450001,41.869999,2016-01-12,42.119999,42.299999
15815200,KO,40.612455,41.860001,41.290001,2016-01-11,41.580002,41.580002
14645900,KO,40.54408,42.119999,41.41,2016-01-08,41.509998,41.650002
20563600,KO,40.651521,42.110001,41.450001,2016-01-07,41.619999,41.650002
16245100,KO,41.335233,42.509998,42.040001,2016-01-06,42.32,42.200001
15781900,KO,41.559881,42.630001,42.169998,2016-01-05,42.549999,42.310001
16084100,KO,41.413373,42.50,41.970001,2016-01-04,42.400002,42.34
9727900,KO,41.96034,43.34,42.869999,2015-12-31,42.959999,43.299999
5112500,KO,42.556146,43.77,43.450001,2015-12-30,43.57,43.75
7739800,KO,42.692888,43.779999,43.50,2015-12-29,43.709999,43.540001
6326100,KO,42.47801,43.52,43.310001,2015-12-28,43.490002,43.439999
3036600,KO,42.526845,43.720001,43.419998,2015-12-24,43.540001,43.490002
9092300,KO,42.653818,43.73,43.349998,2015-12-23,43.669998,43.389999
12280800,KO,42.282663,43.389999,42.709999,2015-12-22,43.290001,42.860001
10444400,KO,41.784528,42.939999,42.459999,2015-12-21,42.779999,42.82
24583700,KO,41.511045,43.419998,42.50,2015-12-18,42.50,43.360001
14697000,KO,42.47801,43.889999,43.419998,2015-12-17,43.490002,43.810001
21868600,KO,42.819864,43.91,43.25,2015-12-16,43.84,43.25
17800200,KO,42.067781,43.240002,42.759998,2015-12-15,43.07,42.84
20092900,KO,41.462209,42.759998,41.970001,2015-12-14,42.450001,42.310001
17313400,KO,41.286397,42.830002,42.139999,2015-12-11,42.27,42.630001
15483300,KO,41.764993,43.07,42.529999,2015-12-10,42.759998,42.73
12945500,KO,41.667322,43.27,42.50,2015-12-09,42.66,42.779999
10736200,KO,42.009176,43.25,42.799999,2015-12-08,43.009998,43.049999
12030700,KO,42.194757,43.439999,43.00,2015-12-07,43.200001,43.310001
16488000,KO,42.282663,43.48,42.580002,2015-12-04,43.290001,42.580002
15004400,KO,41.471975,42.889999,42.32,2015-12-03,42.459999,42.73
12598500,KO,41.774762,42.93,42.59,2015-12-02,42.77,42.830002
11153000,KO,41.891969,43.099998,42.73,2015-12-01,42.889999,42.73
16063000,KO,41.628251,43.150002,42.610001,2015-11-30,42.619999,43.119999
7236700,KO,42.145921,43.240002,42.799999,2015-11-27,43.150002,43.040001
10344900,KO,42.028713,43.50,43.240002,2015-11-25,43.360001,43.32
15767200,KO,42.028713,43.599998,42.66,2015-11-24,43.360001,42.700001
13338100,KO,41.640993,43.18,42.529999,2015-11-23,42.959999,42.549999
19780800,KO,41.127267,43.580002,42.400002,2015-11-20,42.43,43.310001
24090700,KO,41.786389,43.299999,42.32,2015-11-19,43.110001,42.32
12966300,KO,40.981871,42.349998,41.68,2015-11-18,42.279999,41.77
12739400,KO,40.390599,42.150002,41.509998,2015-11-17,41.669998,41.849998
11244900,KO,40.671696,42.00,41.389999,2015-11-16,41.959999,41.43
11619500,KO,40.109506,41.779999,41.360001,2015-11-13,41.380001,41.459999
10725000,KO,40.303366,42.049999,41.57,2015-11-12,41.580002,42.009998
9101200,KO,40.749241,42.200001,41.919998,2015-11-11,42.040001,41.939999
8283100,KO,40.487531,41.810001,41.43,2015-11-10,41.77,41.439999
10842700,KO,40.264593,41.790001,41.34,2015-11-09,41.540001,41.700001
11926700,KO,40.671696,42.220001,41.610001,2015-11-06,41.959999,41.970001
9625100,KO,41.030338,42.349998,41.98,2015-11-05,42.330002,42.00
10488500,KO,40.681391,42.389999,41.889999,2015-11-04,41.970001,42.27
9693100,KO,40.865556,42.32,41.810001,2015-11-03,42.16,42.18
16252200,KO,40.943102,42.360001,41.900002,2015-11-02,42.240002,42.32
15356200,KO,41.049721,42.860001,42.349998,2015-10-30,42.349998,42.799999
9427400,KO,41.476214,42.900002,42.34,2015-10-29,42.790001,42.66
13667300,KO,41.418055,42.84,42.209999,2015-10-28,42.73,42.75
30166600,KO,41.30174,42.77,42.48,2015-10-27,42.610001,42.50
14788600,KO,41.282354,42.889999,42.459999,2015-10-26,42.59,42.759998
18796100,KO,41.476214,43.310001,42.75,2015-10-23,42.790001,43.310001
35920200,KO,41.912398,43.849998,42.41,2015-10-22,43.240002,42.439999
19254900,KO,40.894634,42.52,41.709999,2015-10-21,42.189999,41.939999
16199300,KO,40.991566,42.400002,42.00,2015-10-20,42.290001,42.00
15553800,KO,40.700777,42.060001,41.799999,2015-10-19,41.990002,41.900002
20294700,KO,40.729855,42.209999,41.880001,2015-10-16,42.02,42.16
11801600,KO,40.632923,42.029999,41.599998,2015-10-15,41.919998,41.869999
14180000,KO,40.400294,41.959999,41.560001,2015-10-14,41.68,41.560001
12903600,KO,40.371216,41.91,41.540001,2015-10-13,41.650002,41.799999
12299100,KO,40.710469,42.290001,41.810001,2015-10-12,42.00,41.830002
13931200,KO,40.729855,42.119999,41.779999,2015-10-09,42.02,41.82
11960200,KO,40.691082,41.990002,41.259998,2015-10-08,41.98,41.259998
14329700,KO,40.245207,41.610001,41.099998,2015-10-07,41.52,41.139999
14579400,KO,39.702399,41.34,40.93,2015-10-06,40.959999,41.040001
15664000,KO,39.750863,41.049999,40.43,2015-10-05,41.009998,40.450001
15537300,KO,39.1499,40.389999,39.360001,2015-10-02,40.389999,39.560001
19606600,KO,38.578015,40.470001,39.599998,2015-10-01,39.799999,40.220001
19752600,KO,38.888189,40.23,39.799999,2015-09-30,40.119999,39.880001
14166900,KO,38.442314,39.709999,39.330002,2015-09-29,39.66,39.52
19323100,KO,38.316304,39.82,39.330002,2015-09-28,39.529999,39.52
22511300,KO,38.403541,40.080002,39.330002,2015-09-25,39.619999,39.43
19385700,KO,37.947974,39.200001,38.509998,2015-09-24,39.150002,38.52
8910800,KO,37.569945,38.880001,38.549999,2015-09-23,38.759998,38.790001
15021300,KO,37.599027,38.990002,38.580002,2015-09-22,38.790001,38.68
12935800,KO,37.986743,39.310001,38.939999,2015-09-21,39.189999,39.049999
27527300,KO,37.783192,39.299999,38.709999,2015-09-18,38.98,38.860001
21232500,KO,38.170912,39.610001,39.040001,2015-09-17,39.380001,39.150002
22233400,KO,37.947974,39.189999,38.470001,2015-09-16,39.150002,38.669998
13019800,KO,37.31793,38.630001,37.919998,2015-09-15,38.50,38.07
8950000,KO,36.930209,38.220001,37.849998,2015-09-14,38.099998,38.220001
11802300,KO,36.959291,38.189999,37.84,2015-09-11,38.130001,38.009998
14952500,KO,36.920518,38.650002,38.25,2015-09-10,38.419998,38.310001
13764600,KO,36.805202,39.209999,38.200001,2015-09-09,38.299999,39.119999
15273900,KO,37.381787,39.029999,38.599998,2015-09-08,38.900002,38.869999
15450500,KO,37.016617,38.790001,38.380001,2015-09-04,38.52,38.68
13311600,KO,37.631638,39.34,38.84,2015-09-03,39.16,38.900002
14054800,KO,37.381787,39.07,38.560001,2015-09-02,38.900002,39.029999
23703200,KO,37.23764,39.029999,38.540001,2015-09-01,38.75,38.669998
12673300,KO,37.785393,39.450001,39.060001,2015-08-31,39.32,39.150002
14503900,KO,37.910321,39.470001,39.049999,2015-08-28,39.450001,39.110001
18871600,KO,37.737346,39.380001,38.599998,2015-08-27,39.27,39.060001
23523300,KO,37.21842,38.830002,37.889999,2015-08-26,38.73,38.75
31363700,KO,36.507303,39.279999,37.93,2015-08-25,37.990002,39.130001
44065300,KO,36.882082,38.939999,36.560001,2015-08-24,38.380001,37.990002
28036200,KO,37.987197,40.470001,39.509998,2015-08-21,39.529999,40.16
14218000,KO,38.967388,40.82,40.419998,2015-08-20,40.549999,40.52
15796500,KO,39.188411,41.240002,40.779999,2015-08-19,40.779999,41.139999
11199400,KO,39.688116,41.529999,41.189999,2015-08-18,41.299999,41.279999
8272800,KO,39.736164,41.450001,40.970001,2015-08-17,41.349998,41.029999
9904800,KO,39.640068,41.25,40.959999,2015-08-14,41.25,41.009998
10270900,KO,39.495921,41.380001,41.009998,2015-08-13,41.099998,41.279999
9602200,KO,39.649677,41.259998,40.849998,2015-08-12,41.259998,41.130001
11254900,KO,39.861091,41.57,41.169998,2015-08-11,41.48,41.400002
9501900,KO,40.053286,41.990002,41.580002,2015-08-10,41.68,41.889999
10886700,KO,40.139774,41.970001,41.529999,2015-08-07,41.77,41.810001
11378900,KO,40.283917,42.25,41.860001,2015-08-06,41.919998,42.00
15329200,KO,40.476112,42.220001,41.82,2015-08-05,42.119999,41.919998
17559900,KO,40.21665,41.869999,41.34,2015-08-04,41.849998,41.509998
14672600,KO,39.918751,41.549999,40.84,2015-08-03,41.540001,40.849998
15309500,KO,39.476705,41.220001,40.77,2015-07-31,41.080002,40.880001
9095500,KO,38.976999,40.75,40.389999,2015-07-30,40.560001,40.549999
8479900,KO,39.005827,40.709999,40.490002,2015-07-29,40.59,40.529999
11021800,KO,38.967388,40.73,40.439999,2015-07-28,40.549999,40.650002
10945700,KO,38.95778,40.580002,40.16,2015-07-27,40.540001,40.279999
10912500,KO,38.86168,40.830002,40.41,2015-07-24,40.439999,40.759998
13522200,KO,39.24607,41.02,40.48,2015-07-23,40.84,40.990002
15528600,KO,39.30373,41.59,40.59,2015-07-22,40.900002,40.810001
13653800,KO,39.582409,41.52,41.099998,2015-07-21,41.189999,41.380001
10024200,KO,39.764996,41.540001,41.220001,2015-07-20,41.380001,41.349998
9608300,KO,39.640068,41.32,41.049999,2015-07-17,41.25,41.310001
10483700,KO,39.861091,41.599998,41.349998,2015-07-16,41.48,41.419998
11252100,KO,39.524753,41.360001,41.099998,2015-07-15,41.130001,41.150002
19531000,KO,39.563189,41.259998,40.84,2015-07-14,41.169998,40.900002
9854200,KO,39.073095,40.77,40.490002,2015-07-13,40.66,40.560001
13360400,KO,38.813632,40.52,40.16,2015-07-10,40.389999,40.27
13392000,KO,38.361975,40.580002,39.900002,2015-07-09,39.919998,40.459999
11383700,KO,38.304319,40.23,39.84,2015-07-08,39.860001,39.990002
20335000,KO,38.679097,40.380001,39.400002,2015-07-07,40.25,39.490002
10252600,KO,37.881489,39.599998,39.220001,2015-07-06,39.419998,39.32
8975900,KO,37.94876,39.810001,39.349998,2015-07-02,39.490002,39.630001
11177400,KO,37.958369,39.599998,39.279999,2015-07-01,39.50,39.380001
14621300,KO,37.698906,39.610001,39.119999,2015-06-30,39.23,39.610001
15500800,KO,37.862273,39.98,39.400002,2015-06-29,39.400002,39.799999
16215600,KO,38.438854,40.349998,40.00,2015-06-26,40.00,40.099998
10607600,KO,38.458074,40.34,40.02,2015-06-25,40.02,40.279999
10385100,KO,38.621437,40.450001,40.189999,2015-06-24,40.189999,40.369999
11094900,KO,38.804024,40.52,40.310001,2015-06-23,40.380001,40.43
8775900,KO,38.90012,40.810001,40.459999,2015-06-22,40.48,40.509998
23550600,KO,38.823244,40.650002,40.400002,2015-06-19,40.400002,40.59
16314600,KO,39.063487,40.740002,40.16,2015-06-18,40.650002,40.16
13898400,KO,38.698317,40.32,40.009998,2015-06-17,40.27,40.080002
12517400,KO,38.515734,40.16,39.599998,2015-06-16,40.080002,39.630001
11364800,KO,38.044856,39.860001,39.57,2015-06-15,39.59,39.830002
15568600,KO,38.400414,40.119999,39.84,2015-06-12,39.959999,40.040001
11944900,KO,38.53495,40.25,40.029999,2015-06-11,40.099998,40.110001
11979900,KO,38.438855,40.540001,40.279999,2015-06-10,40.330002,40.32
10772700,KO,38.31495,40.419998,40.110001,2015-06-09,40.200001,40.169998
14339300,KO,38.276825,40.259998,40.02,2015-06-08,40.16,40.099998
15975600,KO,38.219637,40.52,40.080002,2015-06-05,40.099998,40.48
10145800,KO,38.686662,40.98,40.529999,2015-06-04,40.59,40.709999
8153800,KO,38.953531,41.209999,40.779999,2015-06-03,40.869999,41.099998
11878600,KO,39.067906,41.16,40.68,2015-06-02,40.990002,40.84
12684100,KO,39.020248,41.41,40.880001,2015-06-01,40.939999,41.360001
19628600,KO,39.039311,41.18,40.77,2015-05-29,40.959999,41.18
9395200,KO,39.21087,41.299999,40.880001,2015-05-28,41.139999,41.200001
9863100,KO,39.191808,41.200001,40.830002,2015-05-27,41.119999,40.939999
15194300,KO,39.067906,41.18,40.740002,2015-05-26,40.990002,41.119999
11909500,KO,39.277588,41.240002,41.040001,2015-05-22,41.209999,41.119999
9270900,KO,39.29665,41.32,41.07,2015-05-21,41.23,41.259998
10965200,KO,39.411022,41.59,41.310001,2015-05-20,41.349998,41.369999
9072000,KO,39.372901,41.389999,41.130001,2015-05-19,41.310001,41.23
11511700,KO,39.38243,41.490002,41.25,2015-05-18,41.32,41.490002
8479000,KO,39.573053,41.689999,41.43,2015-05-15,41.52,41.450001
9961000,KO,39.55399,41.599998,41.259998,2015-05-14,41.50,41.299999
13183700,KO,39.125091,41.360001,40.720001,2015-05-13,41.049999,40.75
12384500,KO,38.781971,40.959999,40.52,2015-05-12,40.689999,40.77
10113500,KO,39.020248,41.389999,40.880001,2015-05-11,40.939999,40.98
11144400,KO,39.058373,41.169998,40.849998,2015-05-08,40.98,41.00
13834700,KO,38.791504,40.91,40.509998,2015-05-07,40.700001,40.529999
11906900,KO,38.753379,41.09,40.389999,2015-05-06,40.66,41.040001
11721300,KO,38.839159,41.139999,40.68,2015-05-05,40.75,41.139999
10204800,KO,39.039311,41.099998,40.77,2015-05-04,40.959999,40.880001
10848300,KO,38.991656,40.93,40.50,2015-05-01,40.91,40.580002
12700800,KO,38.65807,40.580002,40.279999,2015-04-30,40.560001,40.400002
11371400,KO,38.591352,40.75,40.400002,2015-04-29,40.490002,40.66
12174800,KO,38.858221,40.970001,40.599998,2015-04-28,40.77,40.950001
10044600,KO,38.915409,41.150002,40.779999,2015-04-27,40.830002,41.00
11623300,KO,38.972593,41.119999,40.810001,2015-04-24,40.889999,41.040001
17408800,KO,39.029781,41.41,40.919998,2015-04-23,40.950001,41.23
26887200,KO,39.372901,41.57,41.07,2015-04-22,41.310001,41.560001
19673100,KO,38.867751,40.990002,40.540001,2015-04-21,40.779999,40.669998
13023700,KO,38.753379,40.900002,40.41,2015-04-20,40.66,40.419998
15330300,KO,38.410259,40.66,40.099998,2015-04-17,40.299999,40.470001
13121000,KO,38.696191,40.860001,40.299999,2015-04-16,40.599998,40.41
11189100,KO,38.505572,40.810001,40.32,2015-04-15,40.400002,40.59
11209700,KO,38.610411,40.650002,40.32,2015-04-14,40.509998,40.59
9616300,KO,38.791504,40.970001,40.700001,2015-04-13,40.700001,40.970001
8720000,KO,38.963064,41.16,40.849998,2015-04-10,40.880001,41.09
12710900,KO,39.125091,41.080002,40.630001,2015-04-09,41.049999,40.799999
8954700,KO,38.972593,41.09,40.740002,2015-04-08,40.889999,40.98
9773400,KO,39.086965,41.369999,40.970001,2015-04-07,41.009998,41.049999
19843400,KO,39.239462,41.610001,40.59,2015-04-06,41.169998,40.77
14343100,KO,38.772442,40.869999,40.48,2015-04-02,40.68,40.73
14300700,KO,38.772442,40.810001,40.23,2015-04-01,40.68,40.790001
16604800,KO,38.648536,40.900002,40.349998,2015-03-31,40.549999,40.509998
12561400,KO,38.610411,40.610001,39.939999,2015-03-30,40.509998,40.110001
14384400,KO,38.200578,40.48,39.970001,2015-03-27,40.080002,40.48
17359600,KO,38.457914,40.560001,40.23,2015-03-26,40.349998,40.34
22811300,KO,38.553227,40.700001,40.240002,2015-03-25,40.450001,40.59
13485700,KO,38.57229,40.990002,40.470001,2015-03-24,40.470001,40.91
17060500,KO,38.715254,40.939999,40.50,2015-03-23,40.619999,40.639999
31608500,KO,38.743849,40.66,40.009998,2015-03-20,40.650002,40.07
16057600,KO,38.14339,40.52,39.959999,2015-03-19,40.02,40.48
26247500,KO,38.696191,40.790001,39.799999,2015-03-18,40.599998,40.48
21661800,KO,38.610411,40.73,40.32,2015-03-17,40.509998,40.669998
15238800,KO,38.40073,40.349998,39.990002,2015-03-16,40.290001,40.00
17438400,KO,38.038548,40.57,39.610001,2015-03-13,39.91,40.439999
17728700,KO,38.667599,40.57,40.02,2015-03-12,40.57,40.099998
18549700,KO,37.905111,40.73,40.080002,2015-03-11,40.099998,40.73
14599100,KO,38.462817,41.150002,40.68,2015-03-10,40.689999,41.099998
10123300,KO,39.124503,41.549999,41.32,2015-03-09,41.389999,41.529999
18180500,KO,39.247388,42.200001,41.330002,2015-03-06,41.52,42.119999
9223000,KO,40.079222,42.610001,42.25,2015-03-05,42.400002,42.560001
16263000,KO,40.173747,42.98,42.470001,2015-03-04,42.50,42.919998
10036300,KO,40.599117,43.16,42.84,2015-03-03,42.950001,43.110001
13514600,KO,40.835433,43.299999,43.080002,2015-03-02,43.200001,43.299999
28312800,KO,40.929958,43.66,42.470001,2015-02-27,43.299999,42.52
14346500,KO,40.135936,42.549999,41.970001,2015-02-26,42.459999,42.040001
10323300,KO,39.748377,42.240002,41.740002,2015-02-25,42.049999,42.169998
12782700,KO,39.824,42.330002,41.77,2015-02-24,42.130001,41.849998
11830300,KO,39.559324,42.169998,41.689999,2015-02-23,41.849998,41.709999
15982400,KO,39.672758,42.110001,41.639999,2015-02-20,41.970001,42.040001
16578300,KO,39.805094,42.240002,41.529999,2015-02-19,42.110001,41.68
9789800,KO,39.445893,41.799999,41.470001,2015-02-18,41.73,41.75
12804200,KO,39.521516,41.880001,41.639999,2015-02-17,41.810001,41.810001
10792100,KO,39.691664,42.23,41.759998,2015-02-13,41.990002,42.02
13818200,KO,39.861808,42.66,42.07,2015-02-12,42.169998,42.400002
20496300,KO,40.050862,42.490002,41.700001,2015-02-11,42.369999,42.099998
32184200,KO,40.079222,43.029999,42.200001,2015-02-10,42.400002,42.91
13371100,KO,38.973261,41.450001,41.040001,2015-02-09,41.23,41.380001
12108900,KO,39.18122,41.759998,41.32,2015-02-06,41.450001,41.630001
11078500,KO,39.50261,41.82,41.509998,2015-02-05,41.790001,41.799999
16400000,KO,39.39863,42.09,41.619999,2015-02-04,41.68,41.77
13193100,KO,39.351368,41.849998,41.369999,2015-02-03,41.630001,41.75
15197500,KO,39.313556,41.630001,40.900002,2015-02-02,41.59,41.209999
19193700,KO,38.916543,41.93,41.110001,2015-01-30,41.169998,41.830002
13657900,KO,39.79564,42.150002,41.470001,2015-01-29,42.099998,41.77
14278500,KO,39.625492,42.799999,41.900002,2015-01-28,41.919998,42.59
15274000,KO,40.069767,42.639999,42.150002,2015-01-27,42.389999,42.540001
11151900,KO,40.646379,43.23,42.830002,2015-01-26,43.00,43.18
12357700,KO,40.939413,43.75,43.18,2015-01-23,43.310001,43.599998
14709100,KO,41.383685,43.830002,43.07,2015-01-22,43.779999,43.369999
10720600,KO,40.986675,43.43,42.759998,2015-01-21,43.360001,42.889999
17047300,KO,40.797622,43.330002,42.610001,2015-01-20,43.16,42.700001
15114900,KO,40.202104,42.59,42.240002,2015-01-16,42.529999,42.360001
11193100,KO,40.060316,42.860001,42.169998,2015-01-15,42.380001,42.560001
13447600,KO,40.230464,42.599998,42.07,2015-01-14,42.560001,42.080002
12529500,KO,40.296633,43.240002,42.450001,2015-01-13,42.630001,42.830002
11415800,KO,40.306084,43.200001,42.459999,2015-01-12,42.639999,43.07
12733500,KO,40.674736,43.560001,42.950001,2015-01-09,43.029999,43.470001
21743600,KO,41.128463,43.57,43.099998,2015-01-08,43.509998,43.18
13412300,KO,40.636928,43.110001,42.580002,2015-01-07,42.990002,42.799999
16897500,KO,40.135936,42.939999,42.240002,2015-01-06,42.459999,42.41
26292600,KO,39.833451,42.970001,42.080002,2015-01-05,42.139999,42.689999
9921100,KO,39.833451,42.400002,41.799999,2015-01-02,42.139999,42.259998
9369500,KO,39.909074,42.939999,42.220001,2014-12-31,42.220001,42.919998
9222000,KO,40.419514,42.990002,42.650002,2014-12-30,42.759998,42.740002
8694500,KO,40.514043,43.060001,42.490002,2014-12-29,42.860001,42.799999
6466900,KO,40.608568,43.299999,42.93,2014-12-26,42.959999,42.970001
6405900,KO,40.589662,43.23,42.919998,2014-12-24,42.939999,43.099998
13411300,KO,40.618023,43.139999,42.470001,2014-12-23,42.970001,42.540001
11190900,KO,40.031956,42.439999,42.09,2014-12-22,42.349998,42.139999
24009500,KO,39.653852,42.790001,41.889999,2014-12-19,41.950001,42.439999
18030700,KO,40.069767,42.389999,41.75,2014-12-18,42.389999,41.860001
20223900,KO,39.275745,41.759998,40.380001,2014-12-17,41.549999,40.439999
23475400,KO,38.179238,41.310001,39.799999,2014-12-16,40.389999,40.200001
23378500,KO,38.349386,41.18,40.560001,2014-12-15,40.57,41.130001
18432400,KO,38.670776,41.610001,40.869999,2014-12-12,40.91,41.389999
16201500,KO,39.256839,42.009998,41.50,2014-12-11,41.529999,41.619999
18324100,KO,39.323007,42.240002,41.560001,2014-12-10,41.599998,42.040001
25714600,KO,39.738926,42.529999,41.669998,2014-12-09,42.040001,42.150002
12802300,KO,40.778716,43.630001,43.09,2014-12-08,43.139999,43.509998
12536900,KO,41.147369,43.610001,43.200001,2014-12-05,43.529999,43.50
13779700,KO,41.119012,43.84,43.369999,2014-12-04,43.50,43.619999
15246500,KO,41.40259,44.439999,43.759998,2014-12-03,43.799999,44.419998
9862400,KO,42.102088,44.669998,44.23,2014-12-02,44.540001,44.369999
10065700,KO,42.111539,44.77,44.130001,2014-12-01,44.549999,44.18
10502000,KO,42.376215,45.00,44.150002,2014-11-28,44.830002,44.150002
9199200,KO,41.865772,44.369999,43.970001,2014-11-26,44.290001,43.990002
10741700,KO,41.709803,44.59,44.119999,2014-11-25,44.43,44.27
12890800,KO,41.559599,44.779999,44.200001,2014-11-24,44.27,44.509998
14382600,KO,41.775517,44.740002,44.279999,2014-11-21,44.50,44.580002
13465200,KO,41.540823,44.419998,43.849998,2014-11-20,44.25,43.959999
25400600,KO,41.512661,44.43,43.560001,2014-11-19,44.220001,43.669998
26143000,KO,40.864903,43.860001,42.75,2014-11-18,43.529999,42.950001
10664000,KO,40.29225,42.990002,42.73,2014-11-17,42.919998,42.75
10939500,KO,40.113883,42.970001,42.50,2014-11-14,42.73,42.700001
12006900,KO,40.170211,43.080002,42.630001,2014-11-13,42.790001,42.650002
12767900,KO,40.095108,42.889999,42.310001,2014-11-12,42.709999,42.509998
8563700,KO,39.907352,42.709999,42.360001,2014-11-11,42.509998,42.380001
9088900,KO,39.7947,42.57,42.09,2014-11-10,42.389999,42.25
11803800,KO,39.728986,42.459999,42.139999,2014-11-07,42.32,42.450001
11528800,KO,39.700823,42.619999,42.110001,2014-11-06,42.290001,42.43
20676800,KO,39.719599,42.540001,41.990002,2014-11-05,42.310001,42.299999
10105300,KO,39.259598,42.049999,41.66,2014-11-04,41.82,41.77
13230600,KO,39.250212,42.279999,41.59,2014-11-03,41.810001,41.790001
18477700,KO,39.315926,41.889999,41.400002,2014-10-31,41.880001,41.830002
18295600,KO,38.865314,41.59,40.830002,2014-10-30,41.400002,41.00
25761800,KO,38.45225,41.029999,40.52,2014-10-29,40.959999,40.650002
18658700,KO,38.076742,40.860001,40.509998,2014-10-28,40.560001,40.759998
17222500,KO,38.264494,40.91,40.560001,2014-10-27,40.759998,40.700001
13396000,KO,38.517964,41.27,40.919998,2014-10-24,41.029999,40.98
23346800,KO,38.358374,41.380001,40.740002,2014-10-23,40.860001,40.939999
27728200,KO,38.133066,41.110001,40.099998,2014-10-22,40.619999,40.189999
55953500,KO,38.189394,41.189999,40.259998,2014-10-21,40.68,40.799999
17647800,KO,40.639599,43.470001,42.709999,2014-10-20,43.290001,42.75
23236000,KO,40.254701,43.029999,42.310001,2014-10-17,42.880001,42.689999
22519200,KO,39.954293,42.939999,42.380001,2014-10-16,42.560001,42.650002
22988600,KO,40.583271,43.529999,42.700001,2014-10-15,43.23,42.700001
21027400,KO,40.968169,44.119999,43.470001,2014-10-14,43.639999,44.040001
20175200,KO,41.371843,44.630001,44.029999,2014-10-13,44.07,44.279999
25920800,KO,41.747355,44.869999,43.849998,2014-10-10,44.470001,43.880001
25029300,KO,41.184087,44.75,43.869999,2014-10-09,43.869999,44.439999
26115600,KO,41.822455,44.560001,43.509998,2014-10-08,44.549999,43.580002
24936600,KO,41.231025,44.139999,43.48,2014-10-07,43.919998,43.48
20328100,KO,40.930617,43.68,42.970001,2014-10-06,43.599998,43.029999
14046300,KO,40.367353,43.07,42.66,2014-10-03,43.00,42.860001
16643200,KO,40.048169,42.779999,42.419998,2014-10-02,42.66,42.599998
30409700,KO,40.123273,42.849998,42.369999,2014-10-01,42.740002,42.549999
22613700,KO,40.048169,42.810001,42.080002,2014-09-30,42.66,42.099998
12441100,KO,39.663272,42.259998,41.880001,2014-09-29,42.25,41.900002
9939600,KO,39.616334,42.25,41.709999,2014-09-26,42.200001,42.00
11076300,KO,39.222046,42.169998,41.77,2014-09-25,41.779999,42.060001
13540900,KO,39.682048,42.34,41.849998,2014-09-24,42.27,41.849998
10251300,KO,39.325312,42.16,41.880001,2014-09-23,41.889999,42.00
11518100,KO,39.635109,42.25,41.73,2014-09-22,42.220001,41.849998
47559700,KO,39.475516,42.349998,41.75,2014-09-19,42.049999,41.98
12586400,KO,39.231436,41.880001,41.549999,2014-09-18,41.790001,41.75
16693800,KO,39.062456,41.779999,41.32,2014-09-17,41.610001,41.77
15232800,KO,39.090618,41.799999,41.18,2014-09-16,41.639999,41.290001
12259600,KO,38.95919,41.580002,41.330002,2014-09-15,41.50,41.450001
12979900,KO,38.921638,41.919998,41.360001,2014-09-12,41.459999,41.900002
19614000,KO,39.38164,42.060001,41.66,2014-09-11,41.950001,41.68
17558000,KO,39.301842,42.189999,41.830002,2014-09-10,42.169998,41.900002
11892500,KO,39.087485,42.029999,41.75,2014-09-09,41.939999,41.77
9097700,KO,38.938368,41.939999,41.630001,2014-09-08,41.779999,41.669998
12768100,KO,38.994288,41.860001,41.610001,2014-09-05,41.84,41.860001
16785300,KO,39.022247,42.169998,41.73,2014-09-04,41.869999,41.799999
8635400,KO,38.938368,41.849998,41.66,2014-09-03,41.779999,41.689999
9798100,KO,38.80789,41.84,41.310001,2014-09-02,41.639999,41.52
7666700,KO,38.882451,41.75,41.470001,2014-08-29,41.720001,41.599998
9746400,KO,38.798572,41.700001,41.439999,2014-08-28,41.630001,41.509998
7693100,KO,38.77061,41.709999,41.439999,2014-08-27,41.599998,41.529999
8416500,KO,38.77061,41.700001,41.41,2014-08-26,41.599998,41.41
10229300,KO,38.593534,41.450001,41.119999,2014-08-25,41.41,41.32
11244600,KO,38.323257,41.52,41.049999,2014-08-22,41.119999,41.290001
11951000,KO,38.593534,41.689999,41.220001,2014-08-21,41.41,41.290001
6782500,KO,38.444417,41.34,41.09,2014-08-20,41.25,41.150002
10260400,KO,38.453735,41.48,41.16,2014-08-19,41.259998,41.349998
14891500,KO,38.537614,41.419998,40.790001,2014-08-18,41.349998,40.790001
23221600,KO,38.099583,41.150002,40.66,2014-08-15,40.880001,40.849998
6902000,KO,37.447192,40.189999,39.93,2014-08-14,40.18,39.93
9646500,KO,37.223514,40.099998,39.700001,2014-08-13,39.939999,39.700001
13297500,KO,36.981199,39.84,39.540001,2014-08-12,39.68,39.560001
14102600,KO,36.87868,39.869999,39.52,2014-08-11,39.57,39.52
13667000,KO,36.766843,39.580002,39.259998,2014-08-08,39.450001,39.34
14367400,KO,36.673642,40.009998,39.330002,2014-08-07,39.349998,39.959999
17567500,KO,37.204874,39.959999,39.130001,2014-08-06,39.919998,39.130001
11639200,KO,36.515206,39.529999,39.099998,2014-08-05,39.18,39.34
11012900,KO,36.720244,39.459999,39.119999,2014-08-04,39.400002,39.41
13566700,KO,36.617725,39.490002,39.060001,2014-08-01,39.290001,39.130001
15434700,KO,36.617725,39.73,39.25,2014-07-31,39.290001,39.529999
20346200,KO,36.925279,40.50,39.610001,2014-07-30,39.619999,40.450001
10863600,KO,37.605628,40.779999,40.349998,2014-07-29,40.349998,40.75
11709100,KO,37.913185,41.00,40.610001,2014-07-28,40.68,40.990002
10809900,KO,38.21142,41.040001,40.810001,2014-07-25,41.00,40.919998
14856000,KO,38.183462,41.099998,40.66,2014-07-24,40.970001,40.970001
17531700,KO,38.034344,41.049999,40.630001,2014-07-23,40.810001,40.98
24706000,KO,38.388496,41.330002,40.610001,2014-07-22,41.189999,41.099998
17607200,KO,39.516202,42.57,42.09,2014-07-21,42.400002,42.119999
19272400,KO,39.54416,42.470001,42.02,2014-07-18,42.43,42.139999
9983500,KO,39.162046,42.150002,41.830002,2014-07-17,42.02,41.93
10331400,KO,39.255243,42.389999,42.02,2014-07-16,42.119999,42.259998
10541900,KO,39.236603,42.43,41.950001,2014-07-15,42.099998,42.41
11857700,KO,39.497562,42.389999,41.98,2014-07-14,42.380001,41.990002
9773000,KO,39.115447,42.25,41.880001,2014-07-11,41.970001,42.119999
12564500,KO,39.385721,42.290001,41.549999,2014-07-10,42.259998,41.560001
9891600,KO,39.096807,42.16,41.790001,2014-07-09,41.950001,41.93
10090500,KO,39.087485,42.25,41.91,2014-07-08,41.939999,41.970001
8991900,KO,39.273883,42.200001,41.93,2014-07-07,42.139999,41.959999
7537700,KO,39.357762,42.32,42.009998,2014-07-03,42.23,42.259998
6707000,KO,39.413683,42.41,42.150002,2014-07-02,42.290001,42.310001
11497700,KO,39.413683,42.450001,42.150002,2014-07-01,42.290001,42.389999
14068800,KO,39.478921,42.490002,41.82,2014-06-30,42.360001,41.98
18674400,KO,39.320482,42.290001,41.91,2014-06-27,42.189999,41.990002
16903300,KO,39.171364,42.049999,41.779999,2014-06-26,42.029999,41.91
17621800,KO,39.106126,41.98,41.459999,2014-06-25,41.959999,41.599998
14962800,KO,39.003607,41.889999,41.470001,2014-06-24,41.849998,41.52
13099300,KO,38.891769,41.740002,41.330002,2014-06-23,41.73,41.459999
23402600,KO,38.854489,41.880001,41.529999,2014-06-20,41.689999,41.869999
13275200,KO,38.94769,41.869999,41.529999,2014-06-19,41.790001,41.540001
18518200,KO,38.733333,41.57,40.75,2014-06-18,41.560001,40.790001
26926600,KO,38.136859,41.200001,40.610001,2014-06-17,40.919998,41.18
12878200,KO,37.894545,40.77,40.150002,2014-06-16,40.66,40.189999
9194600,KO,37.624268,40.529999,40.25,2014-06-13,40.369999,40.389999
11583600,KO,37.670867,40.68,40.369999,2014-06-12,40.419998,40.41
9648600,KO,37.796687,41.060001,40.790001,2014-06-11,40.860001,40.98
9168600,KO,37.990942,41.150002,40.810001,2014-06-10,41.07,40.84
7316400,KO,37.842938,41.09,40.849998,2014-06-09,40.91,40.849998
8760600,KO,37.916942,41.060001,40.84,2014-06-06,40.990002,40.939999
10131700,KO,37.824437,41.00,40.630001,2014-06-05,40.889999,40.73
7864700,KO,37.731935,40.919998,40.709999,2014-06-04,40.790001,40.91
10493100,KO,37.815188,41.00,40.709999,2014-06-03,40.880001,40.720001
7472100,KO,37.796687,40.889999,40.68,2014-06-02,40.860001,40.75
10446100,KO,37.842938,40.919998,40.490002,2014-05-30,40.91,40.540001
9867100,KO,37.611681,40.869999,40.599998,2014-05-29,40.66,40.68
7536700,KO,37.53768,40.889999,40.529999,2014-05-28,40.580002,40.700001
11282900,KO,37.713434,40.82,40.48,2014-05-27,40.77,40.560001
6255200,KO,37.53768,40.700001,40.529999,2014-05-23,40.580002,40.630001
8430400,KO,37.53768,40.84,40.529999,2014-05-22,40.580002,40.77
8607300,KO,37.805936,40.880001,40.50,2014-05-21,40.869999,40.549999
9639500,KO,37.53768,40.93,40.57,2014-05-20,40.580002,40.799999
7559500,KO,37.657931,40.73,40.419998,2014-05-19,40.709999,40.599998
13823900,KO,37.824437,40.91,40.450001,2014-05-16,40.889999,40.52
12379200,KO,37.482177,40.959999,40.439999,2014-05-15,40.52,40.619999
10036100,KO,37.824437,41.18,40.830002,2014-05-14,40.889999,41.02
11579600,KO,38.027944,41.220001,40.82,2014-05-13,41.110001,40.830002
8906000,KO,37.759685,40.970001,40.689999,2014-05-12,40.82,40.880001
8516400,KO,37.805936,40.950001,40.709999,2014-05-09,40.869999,40.779999
8538700,KO,37.676432,40.959999,40.650002,2014-05-08,40.73,40.849998
11115600,KO,37.842938,40.970001,40.630001,2014-05-07,40.91,40.700001
9359900,KO,37.454427,40.66,40.450001,2014-05-06,40.490002,40.52
10163500,KO,37.704182,40.93,40.549999,2014-05-05,40.759998,40.650002
14197000,KO,37.87994,40.959999,40.630001,2014-05-02,40.950001,40.790001
15385800,KO,37.722683,40.799999,40.259998,2014-05-01,40.779999,40.790001
12362000,KO,37.731935,40.880001,40.59,2014-04-30,40.790001,40.689999
18928400,KO,37.528428,41.029999,40.52,2014-04-29,40.57,40.970001
20736700,KO,37.95394,41.279999,40.740002,2014-04-28,41.029999,40.82
16811400,KO,37.935439,41.009998,40.439999,2014-04-25,41.009998,40.459999
11392600,KO,37.648683,40.889999,40.459999,2014-04-24,40.700001,40.700001
12072500,KO,37.676432,40.810001,40.560001,2014-04-23,40.73,40.700001
17404900,KO,37.657931,40.759998,40.419998,2014-04-22,40.709999,40.580002
12630900,KO,37.694933,40.759998,40.349998,2014-04-21,40.75,40.470001
18547100,KO,37.667184,40.720001,40.25,2014-04-17,40.720001,40.43
21919900,KO,37.546929,40.59,40.119999,2014-04-16,40.59,40.119999
47529200,KO,37.167667,40.470001,39.50,2014-04-15,40.18,39.830002
19389800,KO,35.826374,38.799999,38.400002,2014-04-14,38.73,38.709999
18084200,KO,35.733873,39.220001,38.57,2014-04-11,38.630001,38.830002
21025700,KO,35.974379,39.400002,38.82,2014-04-10,38.889999,38.98
12031400,KO,36.066884,38.990002,38.700001,2014-04-09,38.990002,38.84
14769900,KO,35.983631,38.900002,38.48,2014-04-08,38.900002,38.669998
17295700,KO,35.724621,38.889999,38.259998,2014-04-07,38.619999,38.27
15453600,KO,35.354611,38.48,38.139999,2014-04-04,38.220001,38.240002
18114000,KO,35.215855,38.490002,38.040001,2014-04-03,38.07,38.389999
15709100,KO,35.456365,38.540001,38.299999,2014-04-02,38.330002,38.490002
20515700,KO,35.530365,38.889999,38.310001,2014-04-01,38.41,38.529999
24489800,KO,35.761623,39.029999,38.459999,2014-03-31,38.66,38.990002
11502100,KO,36.029882,39.029999,38.82,2014-03-28,38.950001,38.889999
13031500,KO,35.909627,39.00,38.48,2014-03-27,38.82,38.509998
15835500,KO,35.715372,38.939999,38.610001,2014-03-26,38.610001,38.689999
16898900,KO,35.724621,38.799999,38.459999,2014-03-25,38.619999,38.490002
15693000,KO,35.521117,38.529999,38.209999,2014-03-24,38.400002,38.48
19189100,KO,35.558115,38.830002,38.279999,2014-03-21,38.439999,38.779999
13228000,KO,35.567367,38.470001,37.950001,2014-03-20,38.450001,38.110001
20882200,KO,35.280607,38.59,38.099998,2014-03-19,38.139999,38.360001
16880400,KO,35.521117,38.459999,38.139999,2014-03-18,38.400002,38.27
19203000,KO,35.400862,38.369999,38.049999,2014-03-17,38.27,38.169998
14687200,KO,35.308357,38.32,37.880001,2014-03-14,38.169998,37.950001
18302800,KO,35.123354,38.490002,37.919998,2014-03-13,37.970001,38.450001
15673700,KO,35.585868,38.50,38.209999,2014-03-12,38.470001,38.27
13812100,KO,35.608991,38.84,38.540001,2014-03-11,38.799999,38.84
14540800,KO,35.471329,38.650002,38.439999,2014-03-10,38.650002,38.549999
17047600,KO,35.379551,38.610001,38.360001,2014-03-07,38.549999,38.560001
14700000,KO,35.306133,38.549999,38.27,2014-03-06,38.470001,38.400002
14367400,KO,35.195999,38.450001,38.25,2014-03-05,38.349998,38.419998
20425200,KO,35.159292,38.389999,38.23,2014-03-04,38.310001,38.34
18683400,KO,34.984915,38.16,37.849998,2014-03-03,38.119999,37.880001
15763200,KO,35.058338,38.389999,38.040001,2014-02-28,38.200001,38.080002
18423400,KO,34.939028,38.110001,37.799999,2014-02-27,38.07,37.84
18195100,KO,34.755476,37.939999,37.720001,2014-02-26,37.869999,37.900002
22845500,KO,34.663702,37.939999,37.50,2014-02-25,37.77,37.630001
24223500,KO,34.415907,37.599998,37.220001,2014-02-24,37.50,37.299999
19419800,KO,34.122225,37.619999,37.139999,2014-02-21,37.18,37.59
22639900,KO,34.232354,37.52,36.889999,2014-02-20,37.299999,37.060001
26645100,KO,34.048802,37.599998,37.049999,2014-02-19,37.099998,37.50
46098500,KO,34.388375,38.110001,37.259998,2014-02-18,37.470001,37.98
16030100,KO,35.7283,39.02,38.27,2014-02-14,38.93,38.599998
10435600,KO,35.471329,38.759998,38.130001,2014-02-13,38.650002,38.130001
10633400,KO,35.34284,38.919998,38.400002,2014-02-12,38.509998,38.849998
15361300,KO,35.46215,38.779999,38.509998,2014-02-11,38.639999,38.669998
20877200,KO,35.397907,38.619999,37.84,2014-02-10,38.57,38.07
20389000,KO,34.828898,38.349998,37.869999,2014-02-07,37.950001,38.169998
22661500,KO,34.902317,38.939999,37.919998,2014-02-06,38.029999,38.759998
13665200,KO,34.516861,37.720001,37.380001,2014-02-05,37.610001,37.490002
17759700,KO,34.397551,37.549999,37.209999,2014-02-04,37.48,37.439999
23164900,KO,34.14058,38.02,37.099998,2014-02-03,37.200001,38.02
16185000,KO,34.709589,38.16,37.720001,2014-01-31,37.82,37.950001
13662000,KO,35.030803,38.41,38.00,2014-01-30,38.169998,38.00
23776100,KO,34.783011,38.57,37.82,2014-01-29,37.900002,38.57
8915500,KO,35.673233,39.080002,38.619999,2014-01-28,38.869999,38.77
14601900,KO,35.544748,38.98,38.709999,2014-01-27,38.73,38.82
16507500,KO,35.645702,39.25,38.82,2014-01-24,38.84,39.080002
14828100,KO,36.012806,39.639999,39.119999,2014-01-23,39.240002,39.610001
9841700,KO,36.618526,40.09,39.75,2014-01-22,39.900002,39.990002
17579000,KO,36.636878,39.919998,39.529999,2014-01-21,39.919998,39.639999
13992700,KO,36.049514,39.75,39.279999,2014-01-17,39.279999,39.720001
11063100,KO,36.44415,39.82,39.580002,2014-01-16,39.709999,39.779999
12844900,KO,36.490037,39.939999,39.580002,2014-01-15,39.759998,39.830002
12801100,KO,36.425794,39.919998,39.580002,2014-01-14,39.689999,39.639999
14091900,KO,36.278953,40.130001,39.50,2014-01-13,39.529999,40.00
13290000,KO,36.82961,40.290001,39.900002,2014-01-10,40.130001,39.959999
14070200,KO,36.462505,40.00,39.52,2014-01-09,39.73,39.950001
15339600,KO,36.655234,40.439999,39.830002,2014-01-08,39.939999,40.439999
11872300,KO,37.068225,40.720001,40.290001,2014-01-07,40.389999,40.48
11036300,KO,36.958095,40.59,40.16,2014-01-06,40.27,40.48
10403400,KO,37.132468,40.73,40.349998,2014-01-03,40.459999,40.68
12698600,KO,37.31602,41.23,40.509998,2014-01-02,40.66,41.119999
11729200,KO,37.912564,41.389999,40.98,2013-12-31,41.310001,41.130001
10927500,KO,37.710656,41.139999,40.759998,2013-12-30,41.09,40.77
6762200,KO,37.31602,40.790001,40.529999,2013-12-27,40.66,40.689999
8588300,KO,37.160003,40.540001,40.139999,2013-12-26,40.490002,40.220001
4783800,KO,36.884673,40.310001,40.099998,2013-12-24,40.189999,40.169998
10943200,KO,36.857142,40.240002,39.869999,2013-12-23,40.16,40.099998
22237200,KO,36.747012,40.189999,39.849998,2013-12-20,40.040001,39.919998
14791800,KO,36.581815,40.099998,39.560001,2013-12-19,39.860001,39.970001
23884500,KO,36.728656,40.080002,39.00,2013-12-18,40.02,39.259998
17655700,KO,35.884317,39.25,38.869999,2013-12-17,39.099998,39.119999
14562100,KO,36.040338,39.57,39.200001,2013-12-16,39.27,39.459999
14037400,KO,36.003627,39.639999,39.209999,2013-12-13,39.23,39.470001
19817700,KO,35.985271,40.209999,39.18,2013-12-12,39.209999,39.990002
14963500,KO,36.82961,40.34,39.889999,2013-12-11,40.130001,39.950001
15967800,KO,36.572635,40.290001,39.75,2013-12-10,39.849998,40.259998
12237100,KO,37.077405,40.50,40.200001,2013-12-09,40.400002,40.400002
12557100,KO,37.132468,40.50,40.049999,2013-12-06,40.459999,40.049999
18171200,KO,36.554283,40.400002,39.799999,2013-12-05,39.830002,40.279999
13196100,KO,37.04987,40.470001,39.939999,2013-12-04,40.369999,40.200001
16592300,KO,37.031514,40.389999,40.009998,2013-12-03,40.349998,40.049999
16738800,KO,36.783723,40.200001,39.75,2013-12-02,40.080002,40.099998
8641100,KO,36.884673,40.48,40.110001,2013-11-29,40.189999,40.27
9909100,KO,36.884673,40.380001,39.689999,2013-11-27,40.189999,40.09
14240400,KO,36.682769,40.599998,40.240002,2013-11-26,40.25,40.490002
14059100,KO,36.792133,40.880001,40.330002,2013-11-25,40.369999,40.48
26396500,KO,36.846816,40.459999,40.09,2013-11-22,40.43,40.34
26364300,KO,36.846816,40.490002,40.099998,2013-11-21,40.43,40.200001
14422500,KO,36.509609,40.450001,39.939999,2013-11-20,40.060001,40.049999
11014800,KO,36.582517,40.23,39.919998,2013-11-19,40.139999,40.139999
9553900,KO,36.609857,40.240002,40.00,2013-11-18,40.169998,40.240002
12021500,KO,36.655429,40.32,39.959999,2013-11-15,40.220001,40.16
10887200,KO,36.646313,40.439999,40.029999,2013-11-14,40.209999,40.09
11770500,KO,36.564289,40.119999,39.650002,2013-11-13,40.119999,39.82
10509200,KO,36.345562,39.990002,39.619999,2013-11-12,39.880001,39.91
9567800,KO,36.336446,40.049999,39.77,2013-11-11,39.869999,40.009998
11903600,KO,36.500493,40.049999,39.490002,2013-11-08,40.049999,39.740002
16233200,KO,36.299994,40.25,39.759998,2013-11-07,39.830002,40.080002
17198000,KO,36.500493,40.220001,39.419998,2013-11-06,40.049999,39.619999
10575000,KO,35.999239,39.639999,39.220001,2013-11-05,39.50,39.360001
10252100,KO,36.008351,39.810001,39.299999,2013-11-04,39.509998,39.709999
12430400,KO,36.099491,39.720001,39.330002,2013-11-01,39.610001,39.57
14853500,KO,36.063035,39.860001,39.509998,2013-10-31,39.57,39.509998
12360000,KO,36.108603,39.889999,39.509998,2013-10-30,39.619999,39.880001
14199600,KO,36.27265,39.959999,39.349998,2013-10-29,39.799999,39.57
16552100,KO,36.099491,39.740002,38.990002,2013-10-28,39.610001,39.02
14383400,KO,35.570892,39.130001,38.630001,2013-10-25,39.029999,38.84
17143800,KO,35.361277,39.369999,38.759998,2013-10-24,38.799999,39.150002
12591800,KO,35.625576,39.25,38.799999,2013-10-23,39.09,39.080002
17110200,KO,35.625576,39.25,38.689999,2013-10-22,39.09,38.860001
12977500,KO,35.379505,38.950001,38.599998,2013-10-21,38.82,38.950001
18896600,KO,35.343049,38.779999,38.419998,2013-10-18,38.779999,38.580002
15900200,KO,35.133434,38.560001,38.009998,2013-10-17,38.549999,38.060001
17995100,KO,34.632179,38.240002,37.779999,2013-10-16,38.00,38.009998
21676600,KO,34.322312,38.369999,37.599998,2013-10-15,37.66,38.18
14202900,KO,34.550156,37.950001,37.509998,2013-10-14,37.91,37.560001
14266900,KO,34.422564,37.919998,37.52,2013-10-11,37.77,37.919998
17174400,KO,34.431676,37.860001,37.450001,2013-10-10,37.779999,37.77
18998900,KO,33.793718,37.419998,37.009998,2013-10-09,37.080002,37.380001
20471300,KO,33.975989,37.41,36.900002,2013-10-08,37.279999,37.099998
16708600,KO,33.766374,37.380001,36.830002,2013-10-07,37.049999,37.080002
17217500,KO,33.903081,37.27,36.91,2013-10-04,37.200001,37.25
14437900,KO,33.866626,37.459999,37.130001,2013-10-03,37.16,37.459999
25664200,KO,34.112697,37.810001,37.209999,2013-10-02,37.43,37.810001
13196000,KO,34.586611,38.09,37.619999,2013-10-01,37.950001,38.00
18101500,KO,34.522815,38.299999,37.75,2013-09-30,37.880001,38.189999
12609600,KO,34.99673,38.580002,38.150002,2013-09-27,38.400002,38.57
10941100,KO,35.306597,38.740002,38.389999,2013-09-26,38.740002,38.490002
11446100,KO,34.932934,38.68,38.299999,2013-09-25,38.330002,38.650002
15083300,KO,35.115206,38.869999,38.52,2013-09-24,38.529999,38.720001
19016200,KO,35.206345,39.189999,38.439999,2013-09-23,38.630001,39.16
30675300,KO,35.908103,39.400002,38.779999,2013-09-20,39.400002,39.330002
14251700,KO,35.826079,39.669998,39.150002,2013-09-19,39.310001,39.639999
18030500,KO,36.081263,39.599998,38.580002,2013-09-18,39.59,38.810001
12881700,KO,35.352165,39.09,38.790001,2013-09-17,38.790001,38.810001
13351500,KO,35.415961,39.200001,38.740002,2013-09-16,38.860001,39.029999
11623600,KO,35.261025,38.740002,38.419998,2013-09-13,38.689999,38.560001
12114100,KO,35.033182,38.610001,38.279999,2013-09-12,38.439999,38.59
11996500,KO,35.087865,38.779999,38.529999,2013-09-11,38.779999,38.68
11757300,KO,34.952149,38.779999,38.509998,2013-09-10,38.630001,38.77
10605500,KO,34.852621,38.549999,38.27,2013-09-09,38.52,38.52
13976900,KO,34.698804,38.619999,38.099998,2013-09-06,38.349998,38.380001
14290500,KO,34.59928,38.689999,38.060001,2013-09-05,38.240002,38.630001
19138600,KO,34.870717,38.73,37.810001,2013-09-04,38.540001,37.880001
19068500,KO,34.29165,38.400002,37.799999,2013-09-03,37.900002,38.27
14296600,KO,34.544991,38.279999,38.00,2013-08-30,38.18,38.16
14215700,KO,34.472606,38.470001,38.099998,2013-08-29,38.099998,38.470001
19245200,KO,34.698804,38.529999,38.049999,2013-08-28,38.349998,38.060001
16742500,KO,34.517848,38.240002,37.799999,2013-08-27,38.150002,37.98
12740600,KO,34.490702,38.599998,38.110001,2013-08-26,38.119999,38.599998
11302800,KO,34.852621,38.610001,38.369999,2013-08-23,38.52,38.610001
10307900,KO,34.662615,38.52,38.099998,2013-08-22,38.310001,38.32
15799000,KO,34.635469,38.700001,38.25,2013-08-21,38.279999,38.630001
10238200,KO,34.970245,39.139999,38.650002,2013-08-20,38.650002,38.849998
11913000,KO,35.087865,39.09,38.689999,2013-08-19,38.779999,39.049999
20565200,KO,35.33216,39.18,38.709999,2013-08-16,39.049999,39.029999
14227800,KO,35.368352,39.400002,39.02,2013-08-15,39.09,39.299999
13787100,KO,35.76646,39.68,39.349998,2013-08-14,39.529999,39.59
13548700,KO,35.875038,40.049999,39.50,2013-08-13,39.650002,39.93
13970000,KO,36.037901,40.099998,39.709999,2013-08-12,39.830002,40.040001
9021600,KO,36.336481,40.32,40.049999,2013-08-09,40.16,40.25
9481100,KO,36.372673,40.360001,40.02,2013-08-08,40.200001,40.299999
9301800,KO,36.327434,40.330002,40.060001,2013-08-07,40.150002,40.310001
8645600,KO,36.526486,40.43,40.060001,2013-08-06,40.369999,40.23
9933200,KO,36.454105,40.470001,40.18,2013-08-05,40.290001,40.18
25516600,KO,36.390769,40.41,39.91,2013-08-02,40.220001,40.029999
12001100,KO,36.707445,40.75,40.400002,2013-08-01,40.57,40.400002
13557100,KO,36.264099,40.580002,40.060001,2013-07-31,40.080002,40.41
10769400,KO,36.481247,40.73,40.25,2013-07-30,40.32,40.419998
10132000,KO,36.445055,40.68,40.259998,2013-07-29,40.279999,40.610001
12279600,KO,36.770781,40.650002,40.009998,2013-07-26,40.639999,40.650002
9147300,KO,36.95174,40.880001,40.48,2013-07-25,40.84,40.810001
10511000,KO,36.969836,41.130001,40.75,2013-07-24,40.860001,41.119999
9400900,KO,37.060314,41.130001,40.790001,2013-07-23,40.959999,40.950001
9425100,KO,36.95174,41.139999,40.759998,2013-07-22,40.84,41.080002
11401100,KO,37.177938,41.099998,40.790001,2013-07-19,41.09,40.880001
9708800,KO,36.924597,41.07,40.740002,2013-07-18,40.810001,40.860001
18513100,KO,36.95174,40.98,40.310001,2013-07-17,40.84,40.549999
33575600,KO,36.399816,40.50,39.50,2013-07-16,40.23,39.779999
11418400,KO,37.105553,41.25,40.93,2013-07-15,41.009998,41.049999
10686400,KO,37.123649,41.130001,40.73,2013-07-12,41.029999,41.029999
13489600,KO,37.123649,41.150002,40.740002,2013-07-11,41.029999,41.00
9539300,KO,36.806973,40.959999,40.529999,2013-07-10,40.68,40.919998
8760500,KO,36.942694,41.07,40.720001,2013-07-09,40.830002,40.860001
9936300,KO,36.680303,40.759998,40.419998,2013-07-08,40.540001,40.650002
10402200,KO,36.662207,40.799999,40.150002,2013-07-05,40.52,40.720001
5264800,KO,36.635064,40.560001,40.029999,2013-07-03,40.490002,40.240002
12248300,KO,36.526486,40.740002,40.18,2013-07-02,40.369999,40.470001
10754300,KO,36.607918,40.919998,40.360001,2013-07-01,40.459999,40.50
16316000,KO,36.291242,40.439999,40.099998,2013-06-28,40.110001,40.25
11459100,KO,36.426958,40.880001,40.240002,2013-06-27,40.259998,40.650002
13855600,KO,36.490297,40.48,40.060001,2013-06-26,40.330002,40.080002
12942100,KO,35.938373,39.93,39.439999,2013-06-25,39.720001,39.82
16433700,KO,35.76646,40.009998,39.130001,2013-06-24,39.529999,39.450001
21938300,KO,35.974562,39.970001,39.299999,2013-06-21,39.759998,39.630001
24899700,KO,35.404545,40.349998,38.970001,2013-06-20,39.130001,40.27
16936100,KO,36.562679,41.439999,40.41,2013-06-19,40.41,41.009998
9893100,KO,37.033171,40.990002,40.57,2013-06-18,40.93,40.700001
12409200,KO,36.806973,40.91,40.400002,2013-06-17,40.68,40.540001
13635100,KO,36.499344,40.790001,40.259998,2013-06-14,40.34,40.380001
17861200,KO,36.562679,40.48,39.68,2013-06-13,40.41,40.310001
11611100,KO,36.544582,40.939999,40.279999,2013-06-12,40.389999,40.790001
16491600,KO,36.653157,40.98,40.400002,2013-06-11,40.790001,40.880001
11247400,KO,37.003604,41.52,41.040001,2013-06-10,41.18,41.50
14459600,KO,37.210277,41.73,40.98,2013-06-07,41.41,41.200001
11171600,KO,36.653157,40.790001,40.310001,2013-06-06,40.790001,40.549999
16429300,KO,36.527357,41.400002,40.599998,2013-06-05,40.650002,41.400002
19241000,KO,37.219262,41.720001,40.950001,2013-06-04,41.419998,41.59
16577200,KO,36.671129,40.84,39.630001,2013-06-03,40.810001,39.950001
26184400,KO,35.934293,40.77,39.990002,2013-05-31,39.990002,40.650002
20874500,KO,36.635185,41.599998,40.75,2013-05-30,40.77,41.490002
16986600,KO,37.201293,42.43,41.310001,2013-05-29,41.400002,42.34
14412100,KO,38.23466,43.049999,42.400002,2013-05-28,42.549999,42.599998
11542100,KO,37.956102,42.369999,41.50,2013-05-24,42.240002,41.540001
10934200,KO,37.67754,42.07,41.560001,2013-05-23,41.93,41.93
13615600,KO,37.965086,42.860001,42.040001,2013-05-22,42.25,42.279999
9148800,KO,38.045959,42.560001,42.07,2013-05-21,42.34,42.48
9966000,KO,38.081903,42.950001,42.299999,2013-05-20,42.380001,42.950001
12611200,KO,38.612066,43.130001,42.560001,2013-05-17,42.970001,43.049999
12330000,KO,38.719895,43.43,42.790001,2013-05-16,43.09,42.91
12306200,KO,38.567134,43.099998,42.389999,2013-05-15,42.919998,42.50
13023900,KO,38.207704,42.669998,42.009998,2013-05-14,42.52,42.18
9291000,KO,37.91117,42.439999,42.00,2013-05-13,42.189999,42.139999
9927000,KO,37.875229,42.240002,41.849998,2013-05-10,42.150002,42.110001
10113700,KO,37.84827,42.560001,42.00,2013-05-09,42.119999,42.509998
12636300,KO,38.153788,42.68,42.16,2013-05-08,42.459999,42.540001
13785300,KO,38.369449,42.709999,42.150002,2013-05-07,42.700001,42.209999
9356100,KO,37.812329,42.290001,41.869999,2013-05-06,42.080002,42.290001
11757800,KO,37.956102,42.419998,41.959999,2013-05-03,42.240002,42.169998
18709600,KO,37.704497,42.16,41.490002,2013-05-02,41.959999,41.66
8710600,KO,37.929142,42.560001,42.139999,2013-05-01,42.209999,42.150002
13432200,KO,38.036974,42.389999,41.880001,2013-04-30,42.330002,42.150002
11311100,KO,37.956102,42.290001,41.919998,2013-04-29,42.240002,42.240002
15159800,KO,37.830298,42.43,42.09,2013-04-26,42.099998,42.18
10197100,KO,38.054943,42.540001,42.080002,2013-04-25,42.349998,42.259998
11368200,KO,37.875229,42.900002,42.099998,2013-04-24,42.150002,42.639999
11216200,KO,38.369449,42.959999,42.259998,2013-04-23,42.700001,42.779999
10544100,KO,38.387421,42.849998,42.400002,2013-04-22,42.720001,42.52
13875800,KO,38.333505,42.77,42.200001,2013-04-19,42.66,42.279999
16034200,KO,37.830298,42.650002,42.09,2013-04-18,42.099998,42.48
24208000,KO,38.23466,42.700001,42.029999,2013-04-17,42.549999,42.139999
32135700,KO,38.072915,42.48,41.25,2013-04-16,42.369999,41.400002
16050600,KO,36.024149,40.990002,40.049999,2013-04-15,40.09,40.849998
10394700,KO,36.913747,41.110001,40.68,2013-04-12,41.080002,40.91
10962500,KO,37.003604,41.41,41.060001,2013-04-11,41.18,41.130001
9703700,KO,36.904759,41.169998,40.709999,2013-04-10,41.07,40.779999
21056100,KO,36.581269,41.130001,40.509998,2013-04-09,40.709999,40.810001
22757900,KO,36.716058,40.869999,39.77,2013-04-08,40.860001,40.060001
10729500,KO,36.015165,40.360001,40.009998,2013-04-05,40.080002,40.209999
11435900,KO,36.428512,40.59,40.200001,2013-04-04,40.540001,40.27
13639200,KO,36.096034,40.82,40.080002,2013-04-03,40.169998,40.779999
13359200,KO,36.590257,40.900002,40.419998,2013-04-02,40.720001,40.43
8200500,KO,36.347639,40.490002,40.169998,2013-04-01,40.450001,40.389999
14227200,KO,36.338652,40.599998,40.02,2013-03-28,40.439999,40.380001
14559900,KO,36.140966,40.540001,40.060001,2013-03-27,40.220001,40.450001
13666500,KO,36.563297,40.700001,40.130001,2013-03-26,40.689999,40.130001
15718400,KO,36.051106,40.25,39.959999,2013-03-25,40.119999,40.110001
16128500,KO,35.979221,40.279999,39.889999,2013-03-22,40.040001,39.98
23063600,KO,36.006177,40.43,39.759998,2013-03-21,40.07,39.849998
19271900,KO,35.82646,39.919998,39.360001,2013-03-20,39.869999,39.400002
15192000,KO,35.341229,39.400002,38.82,2013-03-19,39.330002,38.919998
11479900,KO,34.829034,38.939999,38.57,2013-03-18,38.759998,38.610001
20781900,KO,34.891938,38.939999,38.66,2013-03-15,38.830002,38.82
14572500,KO,35.062667,39.119999,38.66,2013-03-14,39.02,38.82
14358300,KO,34.676277,38.869999,38.549999,2013-03-13,38.59,38.82
11375900,KO,34.757148,39.310001,38.799999,2013-03-12,38.959999,39.279999
9200400,KO,35.069393,39.380001,39.18,2013-03-11,39.310001,39.200001
11183600,KO,34.989102,39.419998,39.029999,2013-03-08,39.220001,39.169998
15094900,KO,34.899887,39.189999,38.84,2013-03-07,39.119999,39.040001
11653900,KO,34.810676,39.040001,38.700001,2013-03-06,39.02,38.799999
13240700,KO,34.507354,39.00,38.560001,2013-03-05,38.68,38.98
9934300,KO,34.632251,38.82,38.450001,2013-03-04,38.82,38.599998
13724500,KO,34.525197,38.790001,38.490002,2013-03-01,38.700001,38.490002
19005500,KO,34.54304,38.970001,38.419998,2013-02-28,38.720001,38.470001
14271100,KO,34.302166,38.540001,37.919998,2013-02-27,38.450001,38.029999
15770000,KO,33.998844,38.189999,37.779999,2013-02-26,38.110001,37.950001
15874600,KO,33.650916,38.720001,37.720001,2013-02-25,37.720001,38.560001
20102800,KO,34.364614,38.52,37.709999,2013-02-22,38.52,37.759998
14135100,KO,33.641993,37.790001,37.43,2013-02-21,37.709999,37.619999
12949300,KO,33.659836,37.880001,37.41,2013-02-20,37.73,37.700001
14850600,KO,33.606307,37.77,37.459999,2013-02-19,37.669998,37.509998
25204300,KO,33.383276,37.419998,36.540001,2013-02-15,37.419998,36.939999
22748600,KO,32.865846,37.509998,36.700001,2013-02-14,36.84,37.240002
19943800,KO,33.195931,37.939999,37.009998,2013-02-13,37.209999,37.669998
30700500,KO,33.508176,38.16,37.279999,2013-02-12,37.560001,38.110001
12159900,KO,34.444906,38.830002,38.41,2013-02-11,38.610001,38.709999
12308000,KO,34.587645,38.939999,38.599998,2013-02-08,38.77,38.849998
18805300,KO,34.712542,39.060001,38.349998,2013-02-07,38.91,38.419998
16823700,KO,34.177269,38.43,38.00,2013-02-06,38.310001,38.130001
17897300,KO,34.025606,38.16,37.560001,2013-02-05,38.139999,37.560001
9456300,KO,33.320828,37.580002,37.299999,2013-02-04,37.349998,37.48
11932600,KO,33.490333,37.709999,37.369999,2013-02-01,37.540001,37.540001
12969100,KO,33.222697,37.529999,37.110001,2013-01-31,37.240002,37.529999
13219400,KO,33.454648,37.610001,37.32,2013-01-30,37.50,37.400002
17705800,KO,33.383276,37.57,36.860001,2013-01-29,37.419998,36.880001
13386500,KO,33.017505,37.110001,36.860001,2013-01-28,37.009998,37.07
14040700,KO,33.053191,37.25,36.91,2013-01-25,37.049999,37.18
13258900,KO,33.10672,37.25,37.00,2013-01-24,37.110001,37.200001
13570200,KO,33.124563,37.259998,37.040001,2013-01-23,37.130001,37.080002
21249400,KO,33.124563,37.740002,37.049999,2013-01-22,37.130001,37.740002
14056100,KO,33.633073,37.709999,37.310001,2013-01-18,37.700001,37.490002
12121800,KO,33.463567,37.66,37.330002,2013-01-17,37.509998,37.43
9168000,KO,33.294065,37.419998,37.119999,2013-01-16,37.32,37.209999
12721600,KO,33.294065,37.43,36.799999,2013-01-15,37.32,36.990002
11001500,KO,32.999666,37.110001,36.799999,2013-01-14,36.990002,36.950001
15644800,KO,32.928294,36.939999,36.52,2013-01-11,36.91,36.84
15603700,KO,32.9729,37.169998,36.759998,2013-01-10,36.959999,37.119999
10563700,KO,33.035348,37.200001,36.830002,2013-01-09,37.029999,37.200001
14324300,KO,33.044271,37.279999,36.91,2013-01-08,37.040001,37.189999
14610200,KO,33.276222,37.52,37.099998,2013-01-07,37.299999,37.52
15311300,KO,33.597387,37.869999,37.52,2013-01-04,37.66,37.650002
16357900,KO,33.543859,37.599998,37.110001,2013-01-03,37.599998,37.450001
21872400,KO,33.543859,37.599998,36.66,2013-01-02,37.599998,36.990002
15651400,KO,32.339493,36.279999,35.580002,2012-12-31,36.25,35.880001
14053400,KO,32.089699,36.419998,35.950001,2012-12-28,35.970001,36.220001
11380600,KO,32.491152,36.549999,36.200001,2012-12-27,36.419998,36.349998
9982100,KO,32.491152,36.799999,36.240002,2012-12-26,36.419998,36.700001
4851800,KO,32.767712,36.799999,36.57,2012-12-24,36.73,36.720001
27942400,KO,32.910452,37.189999,36.529999,2012-12-21,36.889999,37.00
16182700,KO,33.053191,37.099998,36.650002,2012-12-20,37.049999,36.689999
17991900,KO,32.812317,37.290001,36.77,2012-12-19,36.779999,37.25
17952100,KO,33.258379,37.700001,37.130001,2012-12-18,37.279999,37.529999
17588900,KO,33.454648,37.82,37.380001,2012-12-17,37.50,37.790001
11800900,KO,33.597387,37.77,37.50,2012-12-14,37.66,37.52
11442100,KO,33.543859,37.790001,37.529999,2012-12-13,37.599998,37.700001
14681700,KO,33.579544,37.93,37.50,2012-12-12,37.639999,37.889999
10671300,KO,33.775813,37.990002,37.580002,2012-12-11,37.860001,37.630001
8603200,KO,33.579544,37.779999,37.509998,2012-12-10,37.639999,37.700001
10654700,KO,33.641993,37.740002,37.389999,2012-12-07,37.709999,37.439999
8974700,KO,33.347594,37.439999,37.299999,2012-12-06,37.380001,37.34
14561400,KO,33.285145,37.50,37.080002,2012-12-05,37.310001,37.200001
11794200,KO,33.142406,37.490002,37.139999,2012-12-04,37.150002,37.310001
12864900,KO,33.347594,37.939999,37.330002,2012-12-03,37.380001,37.900002
13039500,KO,33.829338,37.98,37.66,2012-11-30,37.919998,37.939999
12433700,KO,33.873947,37.970001,37.50,2012-11-29,37.970001,37.68
14846300,KO,33.508176,37.57,36.799999,2012-11-28,37.560001,37.060001
11873700,KO,33.155786,37.790001,37.34,2012-11-27,37.419998,37.439999
13217000,KO,33.102625,37.779999,37.23,2012-11-26,37.360001,37.580002
5365500,KO,33.607671,37.950001,37.490002,2012-11-23,37.93,37.549999
8631300,KO,33.129206,37.470001,37.220001,2012-11-21,37.389999,37.330002
12278600,KO,33.00516,37.27,36.849998,2012-11-20,37.25,37.23
14076200,KO,32.996301,37.290001,36.810001,2012-11-19,37.240002,36.849998
15624800,KO,32.39379,36.650002,36.27,2012-11-16,36.560001,36.490002
17643600,KO,32.278604,36.48,35.860001,2012-11-15,36.43,35.900002
13508300,KO,31.906463,36.360001,35.869999,2012-11-14,36.009998,36.189999
12105200,KO,32.039371,36.560001,35.98,2012-11-13,36.16,36.029999
10169700,KO,31.968489,36.290001,35.990002,2012-11-12,36.080002,36.290001
11520300,KO,32.154558,36.52,36.049999,2012-11-09,36.290001,36.049999
12921700,KO,32.216581,37.110001,36.360001,2012-11-08,36.360001,36.650002
16745000,KO,32.535557,37.389999,36.400002,2012-11-07,36.720001,37.279999
11448400,KO,33.155786,37.48,36.860001,2012-11-06,37.419998,36.919998
12139600,KO,32.579859,36.990002,36.630001,2012-11-05,36.77,36.950001
11237500,KO,32.854534,37.650002,37.00,2012-11-02,37.080002,37.580002
10622300,KO,33.076045,37.560001,37.150002,2012-11-01,37.330002,37.150002
11643500,KO,32.943137,37.41,36.919998,2012-10-31,37.18,37.16
11896500,KO,32.819091,37.259998,36.779999,2012-10-26,37.040001,37.119999
10457900,KO,32.863393,37.189999,36.849998,2012-10-25,37.09,37.00
13531400,KO,32.677324,37.040001,36.599998,2012-10-24,36.880001,36.599998
13287300,KO,32.438092,36.98,36.540001,2012-10-23,36.610001,36.959999
13340500,KO,32.987439,37.48,36.959999,2012-10-22,37.23,37.369999
19864500,KO,33.138068,37.939999,37.400002,2012-10-19,37.400002,37.93
23063300,KO,33.527926,38.07,37.459999,2012-10-18,37.84,37.759998
15449600,KO,33.439323,38.150002,37.700001,2012-10-17,37.740002,38.060001
25811800,KO,33.58109,38.220001,37.439999,2012-10-16,37.900002,38.18
13785100,KO,33.78488,38.25,38.009998,2012-10-15,38.130001,38.09
12059700,KO,33.873483,38.389999,38.110001,2012-10-12,38.23,38.259998
10843800,KO,33.767159,38.279999,38.02,2012-10-11,38.110001,38.200001
13754500,KO,33.749437,38.73,38.049999,2012-10-10,38.09,38.650002
13078700,KO,34.16588,38.830002,38.459999,2012-10-09,38.560001,38.50
9434600,KO,34.183601,38.68,38.439999,2012-10-08,38.580002,38.540001
12287900,KO,34.183601,38.599998,38.25,2012-10-05,38.580002,38.490002
9654500,KO,33.96209,38.549999,38.189999,2012-10-04,38.330002,38.459999
13637100,KO,33.882346,38.52,38.139999,2012-10-03,38.240002,38.32
10276000,KO,33.970949,38.689999,38.110001,2012-10-02,38.34,38.560001
16671400,KO,34.006391,38.599998,38.150002,2012-10-01,38.380001,38.16
22721200,KO,33.607671,38.220001,37.900002,2012-09-28,37.93,38.169998
15176100,KO,33.944368,38.349998,37.900002,2012-09-27,38.310001,38.060001
16677400,KO,33.457041,38.189999,37.740002,2012-09-26,37.759998,37.779999
20299200,KO,33.386159,38.27,37.66,2012-09-25,37.68,38.209999
21902000,KO,33.776018,38.240002,37.810001,2012-09-24,38.119999,37.810001
98967500,KO,33.696274,38.740002,37.880001,2012-09-21,38.029999,38.73
26953000,KO,34.236761,38.869999,38.380001,2012-09-20,38.639999,38.389999
26276800,KO,34.130437,38.810001,38.41,2012-09-19,38.52,38.66
24373700,KO,34.21904,39.00,38.299999,2012-09-18,38.619999,38.380001
23594400,KO,33.979808,38.380001,38.029999,2012-09-17,38.349998,38.16
25087400,KO,33.776018,38.549999,38.009998,2012-09-14,38.119999,38.549999
23803400,KO,33.979808,38.490002,37.610001,2012-09-13,38.349998,37.73
14632200,KO,33.270973,37.830002,37.509998,2012-09-12,37.549999,37.790001
16505000,KO,33.239962,37.830002,37.560001,2012-09-11,37.77,37.630001
18216900,KO,33.143154,37.98,37.59,2012-09-10,37.66,37.959999
16391700,KO,33.354371,38.50,37.740002,2012-09-07,37.900002,38.380001
19851400,KO,33.574387,38.299999,37.700001,2012-09-06,38.150002,37.779999
20839200,KO,33.011144,37.619999,37.110001,2012-09-05,37.509998,37.360001
17293400,KO,32.80873,37.59,37.220001,2012-09-04,37.279999,37.52
20710300,KO,32.91434,37.580002,37.150002,2012-08-31,37.400002,37.41
17041800,KO,32.685521,37.630001,37.130001,2012-08-30,37.139999,37.380001
23435400,KO,32.967141,38.049999,37.380001,2012-08-29,37.459999,38.049999
16148800,KO,33.442376,38.32,37.77,2012-08-28,38.00,38.139999
9589400,KO,33.591985,38.560001,38.119999,2012-08-27,38.169998,38.560001
9317800,KO,33.856006,38.549999,38.07,2012-08-24,38.470001,38.07
14973300,KO,33.539183,38.84,38.02,2012-08-23,38.110001,38.810001
13479200,KO,34.120024,39.25,38.689999,2012-08-22,38.77,39.139999
8329000,KO,34.551253,39.689999,39.23,2012-08-21,39.259998,39.41
9211800,KO,34.736069,39.59,39.259998,2012-08-20,39.470001,39.540001
10541000,KO,34.78887,39.73,39.27,2012-08-17,39.529999,39.66
8824100,KO,34.806472,39.630001,39.310001,2012-08-16,39.549999,39.400002
7692500,KO,34.630459,39.549999,39.23,2012-08-15,39.349998,39.419998
10841200,KO,34.656863,39.669998,39.25,2012-08-14,39.380001,39.599998
8898200,KO,34.586456,39.389999,39.049999,2012-08-13,39.299999,39.310001
40577600,KO,34.670063,79.209999,78.610001,2012-08-10,78.790001,79.160004
9583400,KO,34.868076,79.779999,78.830002,2012-08-09,79.239998,79.470001
8790200,KO,35.008886,80.00,79.360001,2012-08-08,79.559998,79.709999
12782800,KO,35.101292,80.980003,79.75,2012-08-07,79.769997,80.839996
9179400,KO,35.484121,81.25,80.620003,2012-08-06,80.639999,81.010002
11834200,KO,35.567728,80.989998,80.010002,2012-08-03,80.830002,80.190002
13393200,KO,35.092493,81.00,79.519997,2012-08-02,79.75,80.730003
12954600,KO,35.646933,81.25,80.589996,2012-08-01,81.010002,80.970001
16333600,KO,35.554527,81.330002,80.389999,2012-07-31,80.800003,80.699997
15947800,KO,35.695337,81.169998,79.57,2012-07-30,81.120003,79.769997
17825000,KO,35.206902,80.239998,78.900002,2012-07-27,80.010002,79.050003
14144600,KO,34.696464,78.910004,77.699997,2012-07-26,78.849998,77.699997
9020400,KO,33.891206,77.220001,76.730003,2012-07-25,77.019997,76.949997
10445800,KO,33.732798,76.949997,76.099998,2012-07-24,76.660004,76.900002
10655800,KO,33.829602,77.00,76.370003,2012-07-23,76.879997,76.550003
16436000,KO,33.895607,77.349998,76.790001,2012-07-20,77.029999,77.269997
18050400,KO,34.124426,77.599998,76.50,2012-07-19,77.550003,77.519997
13852000,KO,34.076022,77.68,76.82,2012-07-18,77.440002,77.639999
21209600,KO,34.18603,78.660004,76.760002,2012-07-17,77.690002,78.059998
17575600,KO,33.653592,77.400002,76.199997,2012-07-16,76.480003,77.099998
13307400,KO,34.005615,77.589996,76.339996,2012-07-13,77.279999,76.629997
19104000,KO,33.723996,77.269997,76.519997,2012-07-12,76.639999,77.029999
13645600,KO,34.084821,77.949997,77.150002,2012-07-11,77.459999,77.900002
11583400,KO,34.313639,78.540001,77.82,2012-07-10,77.980003,78.529999
8615600,KO,34.313639,78.209999,77.709999,2012-07-09,77.980003,78.059998
10036000,KO,34.388444,78.290001,77.839996,2012-07-06,78.150002,78.019997
10546400,KO,34.520451,79.139999,78.199997,2012-07-05,78.449997,79.019997
7335000,KO,34.832876,79.360001,78.709999,2012-07-03,79.160004,78.889999
13350200,KO,34.727266,79.00,78.010002,2012-07-02,78.919998,78.099998
18519800,KO,34.406045,78.190002,77.080002,2012-06-29,78.190002,77.129997
10891200,KO,33.693193,76.669998,75.690002,2012-06-28,76.57,76.099998
13644400,KO,33.591985,76.480003,75.239998,2012-06-27,76.339996,75.239998
11859400,KO,33.037548,75.360001,74.199997,2012-06-26,75.080002,74.989998
9734200,KO,32.901136,74.839996,74.169998,2012-06-25,74.769997,74.459999
15252800,KO,32.975944,75.300003,74.860001,2012-06-22,74.940002,74.949997
12804000,KO,32.857133,75.989998,74.620003,2012-06-21,74.669998,75.790001
14706800,KO,33.248761,75.739998,74.839996,2012-06-20,75.559998,75.690002
11115400,KO,33.327967,76.25,75.660004,2012-06-19,75.739998,76.25
10457200,KO,33.433577,76.419998,75.769997,2012-06-18,75.980003,75.959999
19748800,KO,33.481977,76.199997,75.419998,2012-06-15,76.089996,76.120003
13945400,KO,33.327967,76.00,74.699997,2012-06-14,75.739998,74.790001
9376200,KO,32.865936,75.129997,74.470001,2012-06-13,74.690002,74.610001
11911200,KO,32.865933,75.25,74.339996,2012-06-12,75.199997,74.980003
10657200,KO,32.629931,75.779999,74.620003,2012-06-11,74.660004,75.720001
11594200,KO,32.883416,75.370003,74.150002,2012-06-08,75.239998,74.160004
14342800,KO,32.463851,75.059998,74.199997,2012-06-07,74.279999,74.989998
12496400,KO,32.608077,74.610001,73.300003,2012-06-06,74.610001,73.389999
12275200,KO,32.009322,73.639999,73.050003,2012-06-05,73.239998,73.330002
13397200,KO,32.184141,73.739998,72.559998,2012-06-04,73.639999,73.029999
20843400,KO,31.943764,74.449997,73.010002,2012-06-01,73.089996,73.989998
15147600,KO,32.660524,75.220001,74.660004,2012-05-31,74.730003,74.959999
13884600,KO,32.804747,75.25,74.82,2012-05-30,75.059998,75.07
10533800,KO,32.979567,75.730003,75.059998,2012-05-29,75.459999,75.730003
8999600,KO,32.879048,75.690002,75.010002,2012-05-25,75.230003,75.620003
20204600,KO,33.023271,75.849998,74.599998,2012-05-24,75.559998,74.790001
18000000,KO,32.581856,74.57,73.82,2012-05-23,74.550003,74.00
15260600,KO,32.424518,74.580002,73.910004,2012-05-22,74.190002,74.580002
13488800,KO,32.564373,74.599998,74.129997,2012-05-21,74.510002,74.209999
31913000,KO,32.363332,75.290001,73.470001,2012-05-18,74.050003,75.25
22310800,KO,32.830972,76.300003,74.989998,2012-05-17,75.120003,76.169998
17804400,KO,33.359799,76.839996,75.919998,2012-05-16,76.330002,76.660004
16397800,KO,33.464689,77.150002,76.260002,2012-05-15,76.57,76.559998
15411800,KO,33.595804,77.25,76.620003,2012-05-14,76.870003,77.120003
10604000,KO,33.858032,77.739998,77.199997,2012-05-11,77.470001,77.199997
12659200,KO,33.83181,77.699997,77.199997,2012-05-10,77.410004,77.209999
14070800,KO,33.556468,77.190002,76.489998,2012-05-09,76.779999,76.589996
10561600,KO,33.713806,77.279999,76.620003,2012-05-08,77.139999,77.010002
8965400,KO,33.774992,77.449997,76.849998,2012-05-07,77.279999,76.970001
13160800,KO,33.652619,77.599998,76.959999,2012-05-04,77.00,77.309998
15612000,KO,33.844921,77.639999,77.199997,2012-05-03,77.440002,77.360001
16558600,KO,33.722548,77.25,76.639999,2012-05-02,77.160004,76.739998
13841000,KO,33.622026,77.00,76.279999,2012-05-01,76.93,76.540001
26517600,KO,33.355427,76.900002,75.93,2012-04-30,76.32,76.419998
25103000,KO,33.490911,77.82,75.919998,2012-04-27,76.629997,75.959999
16782000,KO,33.088828,75.970001,74.82,2012-04-26,75.709999,74.949997
18596000,KO,32.747932,75.050003,74.309998,2012-04-25,74.93,74.540001
10288000,KO,32.393925,74.349998,73.709999,2012-04-24,74.120003,73.919998
10472200,KO,32.205995,74.07,73.330002,2012-04-23,73.690002,73.980003
13461000,KO,32.398293,74.349998,73.739998,2012-04-20,74.129997,73.959999
10731200,KO,32.26281,74.339996,73.419998,2012-04-19,73.82,74.290001
11779800,KO,32.415776,74.349998,73.730003,2012-04-18,74.169998,73.82
22614400,KO,32.319625,74.480003,73.18,2012-04-17,73.949997,73.18
14147600,KO,31.659686,72.790001,72.139999,2012-04-16,72.440002,72.220001
10525600,KO,31.441163,72.599998,71.940002,2012-04-13,71.940002,72.220001
10640600,KO,31.563535,72.260002,71.82,2012-04-12,72.220001,72.150002
12026600,KO,31.519831,72.470001,71.839996,2012-04-11,72.120003,72.43
17290600,KO,31.476124,72.620003,71.949997,2012-04-10,72.019997,72.580002
9806800,KO,31.847616,73.110001,72.739998,2012-04-09,72.870003,72.959999
11531400,KO,32.109844,73.519997,73.07,2012-04-05,73.470001,73.279999
12487400,KO,32.105473,73.599998,73.209999,2012-04-04,73.459999,73.290001
12989200,KO,32.236588,74.080002,73.459999,2012-04-03,73.760002,73.669998
14579000,KO,32.402665,74.199997,73.639999,2012-04-02,74.139999,73.830002
26555800,KO,32.34585,74.139999,73.309998,2012-03-30,74.010002,73.620003
41063600,KO,32.258438,74.389999,72.269997,2012-03-29,73.809998,72.349998
26260600,KO,31.755837,72.82,71.900002,2012-03-28,72.660004,71.959999
11430400,KO,31.410569,71.980003,71.650002,2012-03-27,71.870003,71.82
11536400,KO,31.42368,71.900002,71.589996,2012-03-26,71.900002,71.739998
16206600,KO,31.244489,71.599998,71.290001,2012-03-23,71.489998,71.400002
14252800,KO,31.213896,71.580002,70.940002,2012-03-22,71.419998,71.010002
19870800,KO,31.082784,71.400002,70.349998,2012-03-21,71.120003,70.480003
10180400,KO,30.851146,70.769997,69.93,2012-03-20,70.589996,70.029999
10652400,KO,30.76811,70.529999,70.00,2012-03-19,70.400002,70.209999
22898800,KO,30.663219,70.459999,69.879997,2012-03-16,70.160004,70.379997
17991400,KO,30.737517,70.339996,69.779999,2012-03-15,70.330002,70.269997
12918000,KO,30.689441,70.620003,70.099998,2012-03-14,70.220001,70.260002
18068000,KO,30.702552,70.290001,69.510002,2012-03-13,70.25,69.510002
18143600,KO,30.435953,70.339996,69.339996,2012-03-12,70.150002,69.480003
36742600,KO,30.158277,69.739998,69.309998,2012-03-09,69.510002,69.43
33754800,KO,30.054146,69.50,69.099998,2012-03-08,69.269997,69.18
10933800,KO,29.84589,68.940002,68.50,2012-03-07,68.790001,68.75
13161200,KO,29.832875,69.089996,68.639999,2012-03-06,68.760002,68.82
10338600,KO,30.036794,69.339996,69.00,2012-03-05,69.230003,69.019997
11995800,KO,30.015099,69.599998,68.970001,2012-03-02,69.18,69.410004
15294200,KO,30.197324,69.959999,69.389999,2012-03-01,69.599998,69.870003
23464400,KO,30.310131,69.980003,68.900002,2012-02-29,69.860001,68.900002
9049000,KO,29.871921,69.099998,68.800003,2012-02-28,68.849998,68.949997
12086200,KO,29.863245,69.00,68.519997,2012-02-27,68.830002,68.690002
12485400,KO,29.937002,69.50,68.830002,2012-02-24,69.00,69.349998
11120000,KO,30.015099,69.300003,68.919998,2012-02-23,69.18,69.089996
13766400,KO,30.04547,69.339996,68.599998,2012-02-22,69.25,68.599998
13424800,KO,29.858906,69.050003,68.50,2012-02-21,68.82,68.879997
14841800,KO,29.958697,69.169998,68.599998,2012-02-17,69.050003,69.07
11752000,KO,29.876261,68.989998,68.419998,2012-02-16,68.860001,68.610001
14776800,KO,29.676681,69.25,68.230003,2012-02-15,68.400002,69.230003
12596000,KO,29.893616,68.93,68.099998,2012-02-14,68.900002,68.470001
11091000,KO,29.694037,68.599998,68.089996,2012-02-13,68.440002,68.419998
10994600,KO,29.477102,67.940002,67.419998,2012-02-10,67.940002,67.529999
16311400,KO,29.490117,68.389999,67.769997,2012-02-09,67.970001,68.360001
16428400,KO,29.646311,68.849998,68.199997,2012-02-08,68.330002,68.839996
24269600,KO,29.741762,69.449997,67.629997,2012-02-07,68.550003,68.089996
14586400,KO,29.516148,68.230003,67.699997,2012-02-06,68.029999,67.839996
16555800,KO,29.537843,68.489998,67.839996,2012-02-03,68.080002,68.260002
13150000,KO,29.429376,68.239998,67.75,2012-02-02,67.830002,68.07
14915000,KO,29.438052,68.339996,67.800003,2012-02-01,67.849998,67.879997
13543400,KO,29.299214,67.980003,67.18,2012-01-31,67.529999,67.980003
10591600,KO,29.268843,67.57,67.029999,2012-01-30,67.459999,67.290001
16825000,KO,29.260167,68.139999,67.230003,2012-01-27,67.440002,67.910004
14721000,KO,29.507472,68.620003,67.760002,2012-01-26,68.010002,68.620003
14476000,KO,29.689697,68.50,67.540001,2012-01-25,68.43,67.910004
14751200,KO,29.459747,68.50,67.709999,2012-01-24,67.900002,68.160004
13803200,KO,29.733083,68.620003,67.910004,2012-01-23,68.529999,68.00
19158600,KO,29.542179,68.120003,67.400002,2012-01-20,68.089996,67.540001
13544800,KO,29.264503,67.739998,67.260002,2012-01-19,67.449997,67.650002
13282200,KO,29.325245,67.82,67.18,2012-01-18,67.589996,67.459999
15577000,KO,29.221117,67.879997,67.32,2012-01-17,67.349998,67.739998
19991800,KO,29.064924,67.43,66.57,2012-01-13,66.989998,67.339996
15237000,KO,29.316569,68.50,67.349998,2012-01-12,67.57,68.419998
23428800,KO,29.529164,68.769997,67.550003,2012-01-11,68.059998,68.370003
12964400,KO,30.084516,69.519997,69.110001,2012-01-10,69.339996,69.470001
10522600,KO,29.906632,69.169998,68.800003,2012-01-09,68.93,69.00
13646600,KO,29.906632,69.629997,68.620003,2012-01-06,68.93,69.470001
14287600,KO,30.097535,69.870003,69.349998,2012-01-05,69.370003,69.760002
14239200,KO,30.24071,70.07,69.50,2012-01-04,69.699997,69.910004
15639600,KO,30.431613,70.709999,70.099998,2012-01-03,70.139999,70.150002
7862000,KO,30.357856,70.290001,69.970001,2011-12-30,69.970001,70.00
8734000,KO,30.440293,70.190002,69.510002,2011-12-29,70.160004,69.599998
8210000,KO,30.158277,70.050003,69.400002,2011-12-28,69.510002,69.82
10099800,KO,30.318806,70.199997,69.809998,2011-12-27,69.879997,69.809998
9255200,KO,30.344841,69.970001,69.209999,2011-12-23,69.940002,69.230003
15586800,KO,30.019439,69.599998,68.889999,2011-12-22,69.190002,69.339996
18730400,KO,30.184308,69.800003,68.32,2011-12-21,69.57,68.519997
15931000,KO,29.676681,68.639999,67.830002,2011-12-20,68.400002,67.879997
11762000,KO,29.229796,67.870003,67.220001,2011-12-19,67.370003,67.459999
23957200,KO,29.260167,67.720001,67.260002,2011-12-16,67.440002,67.470001
13474600,KO,29.021537,67.389999,66.790001,2011-12-15,66.889999,66.910004
15762200,KO,28.748201,66.910004,66.07,2011-12-14,66.260002,66.25
14276200,KO,28.843652,67.269997,66.290001,2011-12-13,66.480003,67.089996
13380200,KO,29.021537,67.50,66.32,2011-12-12,66.889999,67.260002
18298200,KO,29.316569,67.75,66.919998,2011-12-09,67.57,67.110001
16118200,KO,28.95212,67.239998,66.559998,2011-12-08,66.730003,66.699997
16832800,KO,28.973811,67.07,66.199997,2011-12-07,66.779999,66.550003
16730800,KO,28.930425,67.019997,66.139999,2011-12-06,66.68,66.489998
17955200,KO,28.769892,67.190002,65.879997,2011-12-05,66.309998,66.940002
21170400,KO,28.800263,67.550003,66.169998,2011-12-02,66.379997,67.459999
15429000,KO,28.995506,67.580002,66.68,2011-12-01,66.830002,67.00
25300400,KO,29.169055,67.959999,66.720001,2011-11-30,67.230003,67.339996
21656200,KO,28.71783,66.50,65.010002,2011-11-29,66.190002,65.169998
21318200,KO,28.071364,65.75,64.75,2011-11-28,65.169998,65.260002
7572600,KO,27.886145,65.360001,64.739998,2011-11-25,64.739998,65.150002
14089600,KO,27.942144,65.50,64.800003,2011-11-23,64.870003,65.459999
11787600,KO,28.415958,66.360001,65.540001,2011-11-22,65.970001,65.610001
18588200,KO,28.407341,66.879997,65.389999,2011-11-21,65.949997,66.690002
18688400,KO,29.027608,67.709999,66.900002,2011-11-18,67.389999,67.209999
17467200,KO,28.69594,67.389999,66.099998,2011-11-17,66.620003,66.940002
17781400,KO,28.863928,67.800003,66.910004,2011-11-16,67.010002,67.669998
12217600,KO,29.29036,68.449997,67.480003,2011-11-15,68.00,67.779999
9428600,KO,29.199905,67.970001,67.419998,2011-11-14,67.790001,67.790001
12882400,KO,29.342051,68.610001,67.949997,2011-11-11,68.120003,67.970001
16201600,KO,29.027608,67.75,66.910004,2011-11-10,67.389999,67.610001
18243400,KO,28.872542,67.989998,66.860001,2011-11-09,67.029999,67.849998
12063600,KO,29.570342,68.720001,67.800003,2011-11-08,68.650002,68.290001
12513800,KO,29.380816,68.269997,67.279999,2011-11-07,68.209999,67.660004
15177200,KO,29.195597,68.150002,67.290001,2011-11-04,67.779999,67.959999
17363400,KO,29.570342,68.82,68.010002,2011-11-03,68.650002,68.099998
14538600,KO,29.191289,68.059998,67.349998,2011-11-02,67.769997,67.419998
23682800,KO,28.87685,67.50,66.779999,2011-11-01,67.040001,67.129997
18998600,KO,29.428197,69.050003,68.290001,2011-10-31,68.32,68.650002
17307400,KO,29.690949,68.980003,68.389999,2011-10-28,68.93,68.519997
26704600,KO,29.535882,69.089996,68.099998,2011-10-27,68.57,68.93
16041200,KO,29.062068,67.540001,66.410004,2011-10-26,67.470001,67.290001
14228200,KO,28.838082,67.93,66.800003,2011-10-25,66.949997,67.910004
13609200,KO,29.234365,68.650002,67.610001,2011-10-24,67.870003,68.400002
23146600,KO,29.372202,68.32,67.459999,2011-10-21,68.190002,67.940002
13323600,KO,28.91131,67.580002,66.57,2011-10-20,67.120003,67.489998
15389400,KO,28.872542,67.82,66.870003,2011-10-19,67.029999,66.989998
23650600,KO,28.747626,67.489998,66.400002,2011-10-18,66.739998,67.239998
20232800,KO,28.85962,67.849998,66.82,2011-10-17,67.00,67.82
13503000,KO,29.225749,68.199997,67.349998,2011-10-14,67.849998,68.199997
12909400,KO,29.031917,67.580002,66.889999,2011-10-13,67.400002,67.309998
17549600,KO,29.066377,67.970001,66.790001,2011-10-12,67.480003,67.25
11161000,KO,28.773473,67.199997,66.589996,2011-10-11,66.800003,66.730003
12354400,KO,28.816546,66.93,66.010002,2011-10-10,66.900002,66.559998
18857800,KO,28.385806,66.510002,65.389999,2011-10-07,65.900002,66.510002
25205400,KO,28.166127,66.00,64.449997,2011-10-06,65.389999,65.970001
23037800,KO,28.226431,65.599998,64.550003,2011-10-05,65.529999,65.470001
30800000,KO,28.09721,65.43,63.34,2011-10-04,65.230003,64.839996
38471200,KO,28.179049,66.919998,65.120003,2011-10-03,65.419998,66.589996
25026200,KO,29.100834,69.099998,67.559998,2011-09-30,67.559998,68.449997
